team_abbreviation,year_id,pts,opp_pts,game_result,game_location
HOU,2015,108,90,W,Away
LAL,2015,90,108,L,Home
NOP,2015,101,84,W,Home
ORL,2015,84,101,L,Away
SAS,2015,101,100,W,Home
DAL,2015,100,101,L,Away
BOS,2015,121,105,W,Home
BRK,2015,105,121,L,Away
MIL,2015,106,108,L,Away
CHO,2015,108,106,W,Home
DEN,2015,89,79,W,Home
DET,2015,79,89,L,Away
IND,2015,103,91,W,Home
PHI,2015,91,103,L,Away
MEM,2015,105,101,W,Home
MIN,2015,101,105,L,Away
WAS,2015,95,107,L,Away
MIA,2015,107,95,W,Home
NYK,2015,80,104,L,Home
CHI,2015,104,80,W,Away
PHO,2015,119,99,W,Home
LAL,2015,99,119,L,Away
OKC,2015,89,106,L,Away
POR,2015,106,89,W,Home
GSW,2015,95,77,W,Away
SAC,2015,77,95,L,Home
TOR,2015,109,102,W,Home
ATL,2015,102,109,L,Away
UTA,2015,93,104,L,Home
HOU,2015,104,93,W,Away
CLE,2015,90,95,L,Home
NYK,2015,95,90,W,Away
UTA,2015,102,120,L,Away
DAL,2015,120,102,W,Home
OKC,2015,90,93,L,Away
LAC,2015,93,90,W,Home
DET,2015,91,97,L,Away
MIN,2015,97,91,W,Home
WAS,2015,105,98,W,Away
ORL,2015,98,105,L,Home
CHI,2015,108,114,L,Home
CLE,2015,114,108,W,Away
MEM,2015,97,89,W,Away
IND,2015,89,97,L,Home
LAC,2015,118,111,W,Away
LAL,2015,111,118,L,Home
MIL,2015,93,81,W,Home
PHI,2015,81,93,L,Away
PHO,2015,94,89,W,Home
SAS,2015,89,94,L,Away
POR,2015,94,103,L,Away
SAC,2015,103,94,W,Home
IND,2015,92,102,L,Away
ATL,2015,102,92,W,Home
MEM,2015,71,69,W,Away
CHO,2015,69,71,L,Home
BRK,2015,102,90,W,Away
DET,2015,90,102,L,Home
LAL,2015,104,127,L,Away
GSW,2015,127,104,W,Home
HOU,2015,104,90,W,Home
BOS,2015,90,104,L,Away
MIN,2015,105,106,L,Home
CHI,2015,106,105,W,Away
DAL,2015,109,104,W,Away
NOP,2015,104,109,L,Home
DEN,2015,91,102,L,Away
OKC,2015,102,91,W,Home
TOR,2015,108,95,W,Away
ORL,2015,95,108,L,Home
MIA,2015,114,96,W,Away
PHI,2015,96,114,L,Home
UTA,2015,118,91,W,Home
PHO,2015,91,118,L,Away
MIL,2015,97,108,L,Away
WAS,2015,108,97,W,Home
SAC,2015,98,92,W,Away
LAC,2015,92,98,L,Home
TOR,2015,102,107,L,Away
MIA,2015,107,102,W,Home
CHO,2015,93,96,L,Away
NYK,2015,96,93,W,Home
GSW,2015,95,90,W,Away
POR,2015,90,95,L,Home
BRK,2015,116,85,W,Home
OKC,2015,85,116,L,Away
DAL,2015,118,113,W,Home
BOS,2015,113,118,L,Away
SAC,2015,110,105,W,Away
DEN,2015,105,110,L,Home
LAC,2015,107,101,W,Home
UTA,2015,101,107,L,Away
NOP,2015,81,93,L,Away
MEM,2015,93,81,W,Home
PHI,2015,93,104,L,Home
ORL,2015,90,98,L,Away
CHI,2015,98,90,W,Home
MIL,2015,87,81,W,Away
IND,2015,81,87,L,Home
LAL,2015,106,112,L,Home
PHO,2015,112,106,W,Away
HOU,2015,108,91,W,Away
MIA,2015,91,108,L,Home
NOP,2015,100,91,W,Home
CHO,2015,91,100,L,Away
NYK,2015,83,98,L,Home
WAS,2015,98,83,W,Away
POR,2015,101,82,W,Home
CLE,2015,82,101,L,Away
TOR,2015,100,88,W,Home
OKC,2015,88,100,L,Away
BOS,2015,107,110,L,Home
TOR,2015,110,107,W,Away
BRK,2015,91,98,L,Home
MIN,2015,98,91,W,Away
CHO,2015,96,89,W,Home
MIA,2015,89,96,L,Away
DET,2015,98,95,W,Home
NYK,2015,95,98,L,Away
GSW,2015,121,104,W,Home
LAC,2015,104,121,L,Away
MIL,2015,86,95,L,Home
CHI,2015,95,86,W,Away
ORL,2015,91,89,W,Away
PHI,2015,89,91,L,Home
MEM,2015,102,91,W,Away
PHO,2015,91,102,L,Home
SAC,2015,131,109,W,Home
DEN,2015,109,131,L,Away
ATL,2015,92,94,L,Away
SAS,2015,94,92,W,Home
CLE,2015,100,102,L,Away
UTA,2015,102,100,W,Home
WAS,2015,96,94,W,Home
IND,2015,94,96,L,Away
HOU,2015,98,81,W,Home
SAS,2015,81,98,L,Away
POR,2015,108,87,W,Home
DAL,2015,87,108,L,Away
IND,2015,98,101,L,Away
BOS,2015,101,98,W,Home
BRK,2015,110,99,W,Home
NYK,2015,99,110,L,Away
ATL,2015,119,122,L,Away
CHO,2015,122,119,W,Home
DEN,2015,101,110,L,Home
CLE,2015,110,101,W,Away
MIL,2015,95,98,L,Away
OKC,2015,89,91,L,Home
MEM,2015,91,89,W,Away
MIN,2015,103,112,L,Away
ORL,2015,112,103,W,Home
PHI,2015,115,118,L,Home
CHI,2015,118,115,W,Away
PHO,2015,112,114,L,Home
SAC,2015,114,112,W,Away
TOR,2015,103,84,W,Home
WAS,2015,84,103,L,Away
DAL,2015,105,82,W,Away
UTA,2015,82,105,L,Home
NYK,2015,96,103,L,Away
ATL,2015,103,96,W,Home
BOS,2015,106,101,W,Away
CHI,2015,101,106,L,Home
GSW,2015,98,87,W,Away
HOU,2015,87,98,L,Home
WAS,2015,97,90,W,Away
IND,2015,90,97,L,Home
LAC,2015,106,102,W,Home
POR,2015,102,106,L,Away
MIN,2015,92,102,L,Away
MIA,2015,102,92,W,Home
MEM,2015,92,93,L,Away
MIL,2015,93,92,W,Home
NOP,2015,100,99,W,Away
SAS,2015,99,100,L,Home
BRK,2015,104,96,W,Home
ORL,2015,96,104,L,Away
DAL,2015,96,105,L,Home
MIA,2015,105,96,W,Away
DET,2015,96,97,L,Home
UTA,2015,97,96,W,Away
LAL,2015,107,92,W,Home
CHO,2015,92,107,L,Away
OKC,2015,101,93,W,Home
SAC,2015,93,101,L,Away
GSW,2015,95,107,L,Away
PHO,2015,107,95,W,Home
DEN,2015,100,116,L,Away
POR,2015,116,100,W,Home
PHI,2015,88,120,L,Away
TOR,2015,120,88,W,Home
DET,2015,91,102,L,Away
CHI,2015,102,91,W,Home
NOP,2015,111,118,L,Away
CLE,2015,118,111,W,Home
IND,2015,97,86,W,Home
UTA,2015,86,97,L,Away
LAC,2015,85,89,L,Home
SAS,2015,89,85,W,Away
NYK,2015,85,91,L,Home
ATL,2015,91,85,W,Away
SAC,2015,98,106,L,Away
DAL,2015,106,98,W,Home
SAS,2015,113,100,W,Away
GSW,2015,100,113,L,Home
MEM,2015,107,102,W,Home
LAL,2015,102,107,L,Away
OKC,2015,78,85,L,Away
MIL,2015,85,78,W,Home
POR,2015,102,100,W,Home
CHO,2015,100,102,L,Away
ORL,2015,100,104,L,Away
TOR,2015,104,100,W,Home
ATL,2015,100,97,W,Home
UTA,2015,97,100,L,Away
BOS,2015,94,109,L,Home
OKC,2015,109,94,W,Away
DEN,2015,113,130,L,Home
POR,2015,130,113,W,Away
MIA,2015,75,81,L,Home
IND,2015,81,75,W,Away
HOU,2015,113,101,W,Neutral
MIN,2015,101,113,L,Neutral
LAL,2015,102,109,L,Away
NOP,2015,109,102,W,Home
NYK,2015,95,97,L,Home
ORL,2015,97,95,W,Away
BRK,2015,104,112,L,Away
PHO,2015,112,104,W,Home
WAS,2015,107,103,W,Home
DET,2015,103,107,L,Away
DAL,2015,123,70,W,Home
PHI,2015,70,123,L,Away
BRK,2015,99,107,L,Away
GSW,2015,107,99,W,Home
SAC,2015,110,111,L,Away
MEM,2015,111,110,W,Home
TOR,2015,93,100,L,Home
CHI,2015,100,93,W,Away
MIA,2015,103,114,L,Away
ATL,2015,114,103,W,Home
CLE,2015,122,121,W,Away
BOS,2015,121,122,L,Home
HOU,2015,88,87,W,Home
PHI,2015,87,88,L,Away
IND,2015,87,108,L,Home
DEN,2015,108,87,W,Away
SAS,2015,93,80,W,Away
LAL,2015,80,93,L,Home
MIN,2015,91,139,L,Away
NOP,2015,139,91,W,Home
NYK,2015,100,102,L,Home
DET,2015,96,89,W,Away
OKC,2015,89,96,L,Home
ORL,2015,101,85,W,Home
MIL,2015,85,101,L,Away
CHO,2015,103,95,W,Away
PHO,2015,95,103,L,Home
IND,2015,99,90,W,Away
CHI,2015,90,99,L,Home
CLE,2015,127,94,W,Home
ATL,2015,94,127,L,Away
DAL,2015,131,117,W,Home
MIN,2015,117,131,L,Away
GSW,2015,112,87,W,Home
CHO,2015,87,112,L,Away
PHO,2015,107,120,L,Away
LAC,2015,120,107,W,Home
DET,2015,88,95,L,Away
MEM,2015,95,88,W,Home
BRK,2015,87,97,L,Away
POR,2015,97,87,W,Home
SAC,2015,94,91,W,Home
SAS,2015,91,94,L,Away
UTA,2015,93,111,L,Away
TOR,2015,111,93,W,Home
WAS,2015,98,93,W,Home
ORL,2015,93,98,L,Away
GSW,2015,136,115,W,Away
LAL,2015,115,136,L,Home
MIA,2015,84,91,L,Home
MIL,2015,91,84,W,Away
NYK,2015,109,93,W,Home
DEN,2015,93,109,L,Away
HOU,2015,69,65,W,Away
OKC,2015,65,69,L,Home
BOS,2015,114,118,L,Home
PHO,2015,118,114,W,Away
BRK,2015,83,95,L,Home
MIA,2015,95,83,W,Away
CHO,2015,80,107,L,Home
DAL,2015,107,80,W,Away
CLE,2015,97,106,L,Home
DEN,2015,106,97,W,Away
ORL,2015,107,93,W,Away
DET,2015,93,107,L,Home
CHI,2015,105,89,W,Away
LAC,2015,89,105,L,Home
MEM,2015,119,93,W,Home
HOU,2015,93,119,L,Away
POR,2015,102,93,W,Home
NOP,2015,93,102,L,Away
PHI,2015,75,100,L,Away
SAS,2015,100,75,W,Home
ATL,2015,109,114,L,Home
LAL,2015,114,109,W,Away
MIL,2015,117,113,W,Home
NYK,2015,113,117,L,Away
NOP,2015,106,100,W,Away
SAC,2015,100,106,L,Home
UTA,2015,98,81,W,Home
OKC,2015,81,98,L,Away
MIL,2015,122,118,W,Away
BRK,2015,118,122,L,Home
SAS,2015,92,90,W,Away
CLE,2015,90,92,L,Home
DEN,2015,107,100,W,Home
OKC,2015,100,107,L,Away
DET,2015,86,88,L,Home
PHO,2015,88,86,W,Away
HOU,2015,92,98,L,Home
LAL,2015,98,92,W,Away
CHO,2015,86,88,L,Away
IND,2015,88,86,W,Home
MIN,2015,115,99,W,Home
NYK,2015,99,115,L,Away
ORL,2015,90,114,L,Home
LAC,2015,114,90,W,Away
PHI,2015,90,101,L,Home
BOS,2015,101,90,W,Away
TOR,2015,96,92,W,Home
MEM,2015,92,96,L,Away
DAL,2015,105,102,W,Away
WAS,2015,102,105,L,Home
MIA,2015,93,110,L,Home
LAC,2015,110,93,W,Away
CHI,2015,88,103,L,Away
SAC,2015,103,88,W,Home
DET,2015,89,99,L,Away
ATL,2015,99,89,W,Home
CHO,2015,100,105,L,Home
ORL,2015,105,100,W,Away
DAL,2015,140,106,W,Home
LAL,2015,106,140,L,Away
DEN,2015,117,97,W,Home
NOP,2015,97,117,L,Away
UTA,2015,88,101,L,Away
GSW,2015,101,88,W,Home
BOS,2015,100,117,L,Away
MEM,2015,117,100,W,Home
MIN,2015,92,121,L,Home
SAS,2015,121,92,W,Away
BRK,2015,94,92,W,Away
OKC,2015,92,94,L,Home
PHO,2015,122,96,W,Away
PHI,2015,96,122,L,Home
POR,2015,105,87,W,Home
CHI,2015,87,105,L,Away
MIL,2015,82,124,L,Away
TOR,2015,124,82,W,Home
CLE,2015,78,91,L,Away
WAS,2015,91,78,W,Home
CLE,2015,93,110,L,Home
TOR,2015,110,93,W,Away
DAL,2015,92,95,L,Away
HOU,2015,95,92,W,Home
PHO,2015,106,83,W,Away
IND,2015,83,106,L,Home
MIL,2015,100,111,L,Home
WAS,2015,111,100,W,Away
SAC,2015,113,101,W,Away
NYK,2015,91,83,W,Home
PHI,2015,83,91,L,Away
ORL,2015,92,99,L,Home
MIA,2015,99,92,W,Away
SAS,2015,99,87,W,Home
BRK,2015,87,99,L,Away
UTA,2015,94,106,L,Home
NOP,2015,106,94,W,Away
BOS,2015,88,94,L,Home
POR,2015,94,88,W,Away
DEN,2015,101,94,W,Away
LAL,2015,94,101,L,Home
LAC,2015,91,107,L,Away
MEM,2015,107,91,W,Home
MIA,2015,94,93,W,Home
CHO,2015,93,94,L,Away
OKC,2015,86,91,L,Home
GSW,2015,91,86,W,Away
CHO,2015,92,113,L,Home
LAC,2015,113,92,W,Away
CLE,2015,106,74,W,Home
ORL,2015,74,106,L,Away
IND,2015,111,100,W,Away
DAL,2015,100,111,L,Home
HOU,2015,91,86,W,Home
NYK,2015,86,91,L,Away
PHI,2015,104,114,L,Home
POR,2015,114,104,W,Away
PHO,2015,100,104,L,Away
UTA,2015,95,97,L,Home
CHI,2015,97,95,W,Away
DEN,2015,114,109,W,Home
CHI,2015,109,114,L,Away
GSW,2015,114,97,W,Away
MIA,2015,97,114,L,Home
MIL,2015,98,86,W,Home
DET,2015,86,98,L,Away
NOP,2015,89,99,L,Home
SAC,2015,99,89,W,Away
ATL,2015,106,102,W,Away
WAS,2015,102,106,L,Home
ATL,2015,115,126,L,Home
TOR,2015,126,115,W,Away
CHO,2015,97,105,L,Home
POR,2015,105,97,W,Away
WAS,2015,87,113,L,Away
CLE,2015,113,87,W,Home
DAL,2015,109,102,W,Home
NYK,2015,102,109,L,Away
DET,2015,98,104,L,Home
LAC,2015,104,98,W,Away
SAC,2015,89,102,L,Away
HOU,2015,102,89,W,Home
MEM,2015,99,93,W,Away
LAL,2015,93,99,L,Home
MIL,2015,103,86,W,Away
MIN,2015,86,103,L,Home
OKC,2015,97,82,W,Home
UTA,2015,82,97,L,Away
ORL,2015,96,111,L,Home
GSW,2015,111,96,W,Away
PHI,2015,91,99,L,Home
BRK,2015,99,91,W,Away
DEN,2015,112,120,L,Away
PHO,2015,120,112,W,Home
IND,2015,100,106,L,Away
SAS,2015,106,100,W,Home
ATL,2015,100,91,W,Home
NOP,2015,91,100,L,Away
BOS,2015,102,109,L,Home
CHI,2015,109,102,W,Away
GSW,2015,106,101,W,Away
CHO,2015,101,106,L,Home
DEN,2015,122,97,W,Home
PHO,2015,97,122,L,Away
DET,2015,88,104,L,Home
MIL,2015,104,88,W,Away
LAC,2015,102,85,W,Away
HOU,2015,85,102,L,Home
IND,2015,98,83,W,Home
ORL,2015,83,98,L,Away
MIN,2015,120,119,W,Away
LAL,2015,119,120,L,Home
OKC,2015,105,78,W,Home
NYK,2015,78,105,L,Away
MEM,2015,112,99,W,Away
POR,2015,99,112,L,Home
SAC,2015,104,112,L,Away
SAS,2015,112,104,W,Home
DAL,2015,106,102,W,Away
TOR,2015,102,106,L,Home
ATL,2015,105,75,W,Home
CHO,2015,75,105,L,Away
CLE,2015,109,97,W,Home
IND,2015,97,109,L,Away
MIL,2015,103,117,L,Home
HOU,2015,117,103,W,Away
DAL,2015,110,103,W,Away
PHI,2015,103,110,L,Home
UTA,2015,96,112,L,Home
LAC,2015,112,96,W,Away
NOP,2015,80,83,L,Away
WAS,2015,83,80,W,Home
BOS,2015,89,111,L,Home
SAS,2015,111,89,W,Away
BRK,2015,84,102,L,Home
CHI,2015,102,84,W,Away
GSW,2015,104,93,W,Away
DET,2015,93,104,L,Home
TOR,2015,122,129,L,Away
LAL,2015,129,122,W,Home
MIA,2015,86,79,W,Away
NYK,2015,79,86,L,Home
PHO,2015,90,93,L,Home
ORL,2015,93,90,W,Away
MIN,2015,93,107,L,Away
POR,2015,107,93,W,Home
MEM,2015,97,85,W,Away
SAC,2015,85,97,L,Home
LAC,2015,127,101,W,Home
MIN,2015,101,127,L,Away
PHI,2015,103,109,L,Home
SAS,2015,109,103,W,Away
UTA,2015,101,103,L,Home
DEN,2015,103,101,W,Away
WAS,2015,107,86,W,Home
MIA,2015,86,107,L,Away
BOS,2015,105,109,L,Away
ATL,2015,109,105,W,Home
DAL,2015,132,129,W,Away
CHI,2015,129,132,L,Home
MIL,2015,108,111,L,Away
CLE,2015,111,108,W,Home
POR,2015,105,103,W,Away
DEN,2015,103,105,L,Home
LAL,2015,106,96,W,Away
DET,2015,96,106,L,Home
ORL,2015,97,98,L,Away
GSW,2015,98,97,W,Home
NOP,2015,112,104,W,Home
OKC,2015,104,112,L,Away
NYK,2015,93,98,L,Home
BRK,2015,98,93,W,Away
IND,2015,99,116,L,Away
PHO,2015,116,99,W,Home
SAC,2015,109,117,L,Home
TOR,2015,117,109,W,Away
BOS,2015,109,102,W,Home
DET,2015,102,109,L,Away
SAS,2015,93,95,L,Away
BRK,2015,95,93,W,Home
CHO,2015,95,102,L,Home
CHI,2015,102,95,W,Away
HOU,2015,105,96,W,Home
MEM,2015,96,105,L,Away
LAC,2015,114,86,W,Home
ORL,2015,86,114,L,Away
ATL,2015,112,102,W,Away
MIA,2015,102,112,L,Home
DAL,2015,107,105,W,Away
MIL,2015,105,107,L,Home
MIN,2015,77,85,L,Home
PHI,2015,85,77,W,Away
UTA,2015,104,123,L,Home
TOR,2015,123,104,W,Away
WAS,2015,111,95,W,Home
LAL,2015,95,111,L,Away
GSW,2015,112,85,W,Home
NOP,2015,85,112,L,Away
NYK,2015,87,90,L,Home
CLE,2015,90,87,W,Away
POR,2015,88,82,W,Home
IND,2015,82,88,L,Away
LAL,2015,96,113,L,Away
BOS,2015,113,96,W,Home
ATL,2015,98,75,W,Away
BRK,2015,75,98,L,Home
NYK,2015,102,103,L,Away
CHO,2015,103,102,W,Home
PHO,2015,118,106,W,Away
DAL,2015,106,118,L,Home
MEM,2015,101,107,L,Home
SAS,2015,107,101,W,Away
MIL,2015,109,85,W,Home
MIA,2015,85,109,L,Away
HOU,2015,114,112,W,Away
MIN,2015,112,114,L,Home
OKC,2015,103,91,W,Away
IND,2015,101,102,L,Away
SAC,2015,102,101,W,Home
TOR,2015,91,105,L,Home
CLE,2015,105,91,W,Away
ORL,2015,98,93,W,Away
UTA,2015,93,98,L,Home
WAS,2015,119,89,W,Home
DEN,2015,89,119,L,Away
GSW,2015,112,102,W,Away
CHI,2015,102,112,L,Home
DET,2015,101,108,L,Home
PHI,2015,108,101,W,Away
HOU,2015,100,95,W,Home
PHO,2015,95,100,L,Away
NOP,2015,100,120,L,Away
LAC,2015,120,100,W,Home
SAC,2015,96,105,L,Home
ORL,2015,105,96,W,Away
SAS,2015,123,101,W,Home
MIN,2015,101,123,L,Away
ATL,2015,96,84,W,Home
DEN,2015,84,96,L,Away
WAS,2015,93,101,L,Away
BOS,2015,101,93,W,Home
MIL,2015,102,125,L,Away
DAL,2015,125,102,W,Home
DET,2015,94,96,L,Home
OKC,2015,96,94,W,Away
NOP,2015,104,87,W,Away
LAL,2015,87,104,L,Home
MEM,2015,103,87,W,Home
MIA,2015,87,103,L,Away
NYK,2015,99,103,L,Home
POR,2015,103,99,W,Away
CLE,2015,110,88,W,Away
BRK,2015,88,110,L,Home
IND,2015,92,108,L,Home
ATL,2015,108,92,W,Away
PHO,2015,120,121,L,Away
LAC,2015,121,120,W,Home
GSW,2015,102,86,W,Away
MIN,2015,86,102,L,Home
SAC,2015,101,92,W,Home
UTA,2015,92,101,L,Away
DEN,2015,107,112,L,Away
TOR,2015,112,107,W,Home
WAS,2015,133,132,W,Home
BOS,2015,132,133,L,Away
CLE,2015,105,101,W,Home
TOR,2015,101,105,L,Away
POR,2015,98,86,W,Away
LAL,2015,98,95,W,Home
SAC,2015,95,98,L,Away
MEM,2015,114,105,W,Home
DAL,2015,105,114,L,Away
NYK,2015,93,104,L,Away
NOP,2015,104,93,W,Home
MIL,2015,101,114,L,Away
OKC,2015,114,101,W,Home
MIA,2015,103,97,W,Away
PHO,2015,97,103,L,Home
UTA,2015,100,96,W,Home
SAS,2015,96,100,L,Away
ATL,2015,95,79,W,Home
PHI,2015,79,95,L,Away
CHI,2015,105,80,W,Home
BRK,2015,80,105,L,Away
BOS,2015,87,96,L,Away
CHO,2015,96,87,W,Home
DAL,2015,112,107,W,Home
NOP,2015,107,112,L,Away
MIA,2015,82,102,L,Away
DEN,2015,102,82,W,Home
GSW,2015,105,93,W,Home
HOU,2015,93,105,L,Away
IND,2015,96,103,L,Home
LAC,2015,103,96,W,Away
MIN,2015,90,82,W,Home
POR,2015,82,90,L,Away
WAS,2015,91,89,W,Away
ORL,2015,89,91,L,Home
SAS,2015,109,95,W,Home
NYK,2015,95,109,L,Away
OKC,2015,103,94,W,Home
CLE,2015,94,103,L,Away
HOU,2015,113,109,W,Away
SAC,2015,109,113,L,Home
ATL,2015,87,81,W,Home
ORL,2015,81,87,L,Away
BOS,2015,95,101,L,Home
NYK,2015,101,95,W,Away
BRK,2015,88,70,W,Home
PHI,2015,70,88,L,Away
POR,2015,106,115,L,Away
CHI,2015,115,106,W,Home
MEM,2015,113,107,W,Home
CHO,2015,107,113,L,Away
OKC,2015,111,92,W,Away
MIN,2015,92,111,L,Home
NOP,2015,119,114,W,Home
CLE,2015,114,119,L,Away
DET,2015,105,103,W,Away
PHO,2015,103,105,L,Home
LAL,2015,112,110,W,Away
SAS,2015,110,112,L,Home
TOR,2015,106,94,W,Home
IND,2015,94,106,L,Away
UTA,2015,95,100,L,Home
MIA,2015,100,95,W,Away
LAC,2015,96,104,L,Away
WAS,2015,104,96,W,Home
CHO,2015,87,114,L,Home
BRK,2015,114,87,W,Away
GSW,2015,105,98,W,Away
DAL,2015,98,105,L,Home
HOU,2015,108,96,W,Home
DEN,2015,96,108,L,Away
IND,2015,85,95,L,Home
POR,2015,95,85,W,Away
MIL,2015,111,106,W,Home
LAC,2015,106,111,L,Away
ATL,2015,99,100,L,Away
ORL,2015,100,99,W,Home
PHI,2015,115,120,L,Home
MEM,2015,120,115,W,Away
SAC,2015,90,95,L,Home
DET,2015,95,90,W,Away
DEN,2015,91,99,L,Home
SAS,2015,99,91,W,Away
MIA,2015,75,93,L,Home
CHI,2015,93,75,W,Away
MIN,2015,94,100,L,Home
LAL,2015,100,94,W,Away
NOP,2015,122,128,L,Home
GSW,2015,128,122,W,Away
TOR,2015,95,90,W,Away
NYK,2015,90,95,L,Home
OKC,2015,112,88,W,Home
PHO,2015,88,112,L,Away
WAS,2015,93,84,W,Home
UTA,2015,84,93,L,Away
ATL,2015,93,86,W,Home
CHI,2015,86,93,L,Away
CHO,2015,88,97,L,Away
CLE,2015,97,88,W,Home
LAL,2015,91,110,L,Away
IND,2015,110,91,W,Home
DET,2015,91,113,L,Away
LAC,2015,113,91,W,Home
PHI,2015,87,105,L,Home
BOS,2015,105,87,W,Away
MIL,2015,96,94,W,Away
PHO,2015,94,96,L,Home
SAS,2015,95,108,L,Away
POR,2015,108,95,W,Home
ORL,2015,82,95,L,Away
TOR,2015,95,82,W,Home
MIA,2015,95,91,W,Away
BRK,2015,91,95,L,Home
GSW,2015,98,105,L,Away
MEM,2015,105,98,W,Home
NOP,2015,119,111,W,Home
UTA,2015,111,119,L,Away
NYK,2015,87,107,L,Home
DAL,2015,107,87,W,Away
SAC,2015,92,104,L,Home
OKC,2015,104,92,W,Away
MIN,2015,95,109,L,Away
WAS,2015,109,95,W,Home
BOS,2015,109,92,W,Home
ORL,2015,92,109,L,Away
PHO,2015,111,106,W,Away
CHO,2015,106,111,L,Home
CLE,2015,98,127,L,Home
ATL,2015,127,98,W,Away
DEN,2015,111,115,L,Home
HOU,2015,115,111,W,Away
DET,2015,106,117,L,Home
DAL,2015,117,106,W,Away
IND,2015,100,102,L,Away
LAC,2015,102,100,W,Home
UTA,2015,105,87,W,Away
MIA,2015,87,105,L,Home
MIL,2015,97,104,L,Away
POR,2015,104,97,W,Home
MEM,2015,117,116,W,Away
SAS,2015,116,117,L,Home
TOR,2015,105,89,W,Home
BRK,2015,89,105,L,Away
NYK,2015,97,103,L,Away
CHI,2015,103,97,W,Home
GSW,2015,114,109,W,Home
OKC,2015,109,114,L,Away
NOP,2015,99,90,W,Away
HOU,2015,90,99,L,Home
MIL,2015,108,107,W,Away
SAC,2015,107,108,L,Home
MIN,2015,98,114,L,Away
BOS,2015,114,98,W,Home
CLE,2015,95,91,W,Home
DEN,2015,109,106,W,Home
LAC,2015,106,109,L,Away
TOR,2015,110,100,W,Away
DET,2015,100,110,L,Home
OKC,2015,104,103,W,Away
LAL,2015,103,104,L,Home
MEM,2015,97,103,L,Home
WAS,2015,105,103,W,Away
MIA,2015,103,105,L,Home
ORL,2015,94,101,L,Home
UTA,2015,101,94,W,Away
CHO,2015,109,91,W,Away
PHI,2015,91,109,L,Home
POR,2015,129,119,W,Away
SAS,2015,119,129,L,Home
CHO,2015,104,86,W,Home
UTA,2015,86,104,L,Away
DAL,2015,99,93,W,Home
SAS,2015,93,99,L,Away
DEN,2015,76,73,W,Home
IND,2015,73,76,L,Away
ATL,2015,104,97,W,Away
HOU,2015,97,104,L,Home
MIL,2015,102,106,L,Away
POR,2015,114,88,W,Away
NOP,2015,88,114,L,Home
PHO,2015,99,90,W,Away
NYK,2015,90,99,L,Home
BRK,2015,110,105,W,Home
DET,2015,105,110,L,Away
MEM,2015,91,105,L,Away
MIA,2015,100,84,W,Home
BOS,2015,84,100,L,Away
IND,2015,100,96,W,Away
MIN,2015,96,100,L,Home
OKC,2015,99,101,L,Home
NOP,2015,101,99,W,Away
PHI,2015,96,88,W,Away
ORL,2015,88,96,L,Home
SAC,2015,108,101,W,Home
LAL,2015,101,108,L,Away
NYK,2015,108,118,L,Away
TOR,2015,118,108,W,Home
PHO,2015,104,92,W,Away
WAS,2015,92,104,L,Home
TOR,2015,120,129,L,Away
CHI,2015,129,120,W,Home
DEN,2015,82,110,L,Away
CHO,2015,110,82,W,Home
ATL,2015,105,102,W,Away
DAL,2015,102,105,L,Home
GSW,2015,128,108,W,Home
SAC,2015,108,128,L,Away
POR,2015,95,110,L,Away
HOU,2015,110,95,W,Home
UTA,2015,97,91,W,Away
MEM,2015,91,97,L,Home
SAS,2015,125,118,W,Home
LAC,2015,118,125,L,Away
LAC,2015,104,107,L,Away
ATL,2015,107,104,W,Home
DEN,2015,96,102,L,Away
BRK,2015,102,96,W,Home
CLE,2015,125,104,W,Home
MIN,2015,104,125,L,Away
NOP,2015,84,96,L,Away
IND,2015,96,84,W,Home
LAL,2015,115,105,W,Home
GSW,2015,105,115,L,Away
PHI,2015,91,87,W,Away
MIA,2015,87,91,L,Home
MIL,2015,101,108,L,Home
CHO,2015,108,101,W,Away
OKC,2015,111,115,L,Home
POR,2015,115,111,W,Away
BOS,2015,95,100,L,Away
ORL,2015,100,95,W,Home
PHO,2015,124,115,W,Home
DAL,2015,115,124,L,Away
CHI,2015,99,91,W,Away
WAS,2015,91,99,L,Home
CHI,2015,113,93,W,Home
LAL,2015,93,113,L,Away
GSW,2015,86,100,L,Away
LAC,2015,100,86,W,Home
MIA,2015,101,91,W,Home
CLE,2015,91,101,L,Away
NYK,2015,91,102,L,Home
WAS,2015,102,91,W,Away
OKC,2015,114,106,W,Away
SAS,2015,106,114,L,Home
MIL,2015,107,77,W,Away
ATL,2015,77,107,L,Home
BRK,2015,109,107,W,Away
BOS,2015,107,109,L,Home
LAL,2015,98,102,L,Away
DAL,2015,102,98,W,Home
MIN,2015,102,106,L,Away
DEN,2015,106,102,W,Home
IND,2015,109,119,L,Away
DET,2015,119,109,W,Home
MEM,2015,111,117,L,Home
HOU,2015,117,111,W,Away
NOP,2015,97,90,W,Home
SAS,2015,90,97,L,Away
OKC,2015,98,75,W,Home
CHO,2015,75,98,L,Away
CLE,2015,98,89,W,Away
ORL,2015,89,98,L,Home
PHI,2015,93,114,L,Away
POR,2015,114,93,W,Home
PHO,2015,115,106,W,Away
SAC,2015,106,115,L,Home
IND,2015,110,85,W,Away
BRK,2015,85,110,L,Home
CHI,2015,107,100,W,Home
NOP,2015,100,107,L,Away
CHO,2015,94,102,L,Home
ORL,2015,102,94,W,Away
MIN,2015,97,110,L,Away
GSW,2015,110,97,W,Home
TOR,2015,110,98,W,Away
LAC,2015,98,110,L,Home
MIA,2015,95,103,L,Home
MEM,2015,103,95,W,Away
MIL,2015,85,90,L,Home
ATL,2015,90,85,W,Away
SAC,2015,135,129,W,Home
NYK,2015,129,135,L,Away
PHI,2015,71,88,L,Away
UTA,2015,88,71,W,Home
WAS,2015,101,88,W,Home
BOS,2015,88,101,L,Away
DET,2015,103,80,W,Away
CLE,2015,80,103,L,Home
OKC,2015,107,112,L,Away
TOR,2015,116,102,W,Away
DEN,2015,102,116,L,Home
PHO,2015,116,107,W,Away
LAL,2015,107,116,L,Home
NYK,2015,79,101,L,Away
POR,2015,101,79,W,Home
HOU,2015,106,110,L,Away
SAS,2015,110,106,W,Home
BRK,2015,107,99,W,Home
SAC,2015,99,107,L,Away
MIL,2015,104,94,W,Away
CHO,2015,94,104,L,Home
HOU,2015,103,104,L,Home
WAS,2015,104,103,W,Away
CHI,2015,92,90,W,Away
IND,2015,90,92,L,Home
LAC,2015,101,97,W,Home
UTA,2015,97,101,L,Away
ORL,2015,102,101,W,Away
MIA,2015,101,102,L,Home
CLE,2015,101,109,L,Away
ATL,2015,109,101,W,Home
BRK,2015,96,82,W,Away
CHI,2015,82,96,L,Home
WAS,2015,87,114,L,Away
DAL,2015,114,87,W,Home
DEN,2015,103,111,L,Home
LAL,2015,111,103,W,Away
GSW,2015,126,86,W,Home
PHI,2015,86,126,L,Away
SAS,2015,87,95,L,Away
MEM,2015,95,87,W,Home
PHO,2015,106,110,L,Away
NOP,2015,110,106,W,Home
ORL,2015,86,109,L,Home
DET,2015,109,86,W,Away
POR,2015,102,97,W,Home
TOR,2015,97,102,L,Away
UTA,2015,100,94,W,Home
SAC,2015,84,106,L,Away
BOS,2015,106,84,W,Home
MIL,2015,96,80,W,Away
CLE,2015,80,96,L,Home
CHO,2015,83,102,L,Away
HOU,2015,102,83,W,Home
IND,2015,106,95,W,Home
MIA,2015,95,106,L,Away
LAC,2015,99,78,W,Home
NYK,2015,78,99,L,Away
PHO,2015,134,137,L,Away
OKC,2015,137,134,W,Home
NOP,2015,93,95,L,Away
SAS,2015,95,93,W,Home
CHI,2015,106,101,W,Home
DEN,2015,101,106,L,Away
SAC,2015,110,107,W,Away
MIN,2015,107,110,L,Home
BOS,2015,101,119,L,Home
DAL,2015,119,101,W,Away
CLE,2015,91,87,W,Away
CHO,2015,87,91,L,Home
TOR,2015,105,126,L,Away
GSW,2015,126,105,W,Home
LAL,2015,106,109,L,Home
MEM,2015,109,106,W,Away
IND,2015,94,91,W,Away
MIL,2015,91,94,L,Home
HOU,2015,83,111,L,Away
NOP,2015,111,83,W,Home
DET,2015,97,81,W,Away
NYK,2015,81,97,L,Home
WAS,2015,102,109,L,Away
OKC,2015,109,102,W,Home
ORL,2015,98,100,L,Home
BRK,2015,100,98,W,Away
PHI,2015,96,112,L,Away
PHO,2015,112,96,W,Home
ATL,2015,98,92,W,Away
UTA,2015,92,98,L,Home
CHI,2015,109,104,W,Home
BOS,2015,104,109,L,Away
MEM,2015,85,114,L,Away
DEN,2015,114,85,W,Home
HOU,2015,115,79,W,Home
MIA,2015,79,115,L,Away
LAC,2015,127,91,W,Home
PHI,2015,91,127,L,Away
MIN,2015,89,101,L,Home
UTA,2015,101,89,W,Away
CHO,2015,98,90,W,Away
POR,2015,107,115,L,Home
ATL,2015,115,107,W,Away
WAS,2015,92,101,L,Away
SAS,2015,101,92,W,Home
CLE,2015,90,109,L,Home
DAL,2015,109,90,W,Away
SAC,2015,95,114,L,Away
DET,2015,114,95,W,Home
IND,2015,87,88,L,Away
LAL,2015,88,87,W,Home
BRK,2015,84,88,L,Away
MIA,2015,88,84,W,Home
NYK,2015,82,95,L,Home
MIL,2015,95,82,W,Away
TOR,2015,109,125,L,Away
PHO,2015,125,109,W,Home
CHO,2015,104,95,W,Away
BOS,2015,95,104,L,Home
DAL,2015,96,88,W,Away
BRK,2015,88,96,L,Home
CHI,2015,114,105,W,Home
HOU,2015,105,114,L,Away
GSW,2015,117,91,W,Home
OKC,2015,91,117,L,Away
LAC,2015,98,107,L,Home
ATL,2015,107,98,W,Away
NYK,2015,83,105,L,Away
MEM,2015,105,83,W,Home
DEN,2015,110,101,W,Away
MIN,2015,101,110,L,Home
WAS,2015,92,85,W,Away
NOP,2015,85,92,L,Home
PHI,2015,95,92,W,Home
CLE,2015,92,95,L,Away
POR,2015,98,94,W,Home
LAL,2015,94,98,L,Away
UTA,2015,101,105,L,Home
IND,2015,105,101,W,Away
PHO,2015,102,96,W,Away
MIL,2015,96,102,L,Home
SAS,2015,104,105,L,Home
DET,2015,105,104,W,Away
ATL,2015,96,86,W,Home
MEM,2015,86,96,L,Away
BRK,2015,81,89,L,Home
BOS,2015,89,81,W,Away
UTA,2015,97,77,W,Away
CHI,2015,77,97,L,Home
CHO,2015,98,94,W,Home
NOP,2015,94,98,L,Away
HOU,2015,105,93,W,Away
CLE,2015,93,105,L,Home
DET,2015,108,95,W,Away
DAL,2015,95,108,L,Home
DEN,2015,93,90,W,Home
ORL,2015,90,93,L,Away
GSW,2015,117,102,W,Home
IND,2015,102,117,L,Away
LAL,2015,89,114,L,Away
LAC,2015,114,89,W,Home
MIN,2015,111,113,L,Home
PHO,2015,113,111,W,Away
PHI,2015,77,97,L,Home
MIL,2015,97,77,W,Away
OKC,2015,83,104,L,Away
SAC,2015,104,83,W,Home
NYK,2015,91,101,L,Away
WAS,2015,101,91,W,Home
HOU,2015,120,96,W,Away
NYK,2015,96,120,L,Home
MIA,2015,83,99,L,Away
POR,2015,99,83,W,Home
TOR,2015,95,103,L,Home
PHI,2015,90,88,W,Away
BRK,2015,88,90,L,Home
ATL,2015,106,103,W,Away
DET,2015,103,106,L,Home
CLE,2015,94,112,L,Away
GSW,2015,112,94,W,Home
IND,2015,107,103,W,Home
BOS,2015,103,107,L,Away
LAL,2015,101,84,W,Home
MIL,2015,98,84,W,Home
MIN,2015,84,98,L,Away
NOP,2015,106,95,W,Home
MEM,2015,95,106,L,Away
OKC,2015,99,94,W,Home
UTA,2015,94,99,L,Away
DEN,2015,118,108,W,Away
SAC,2015,108,118,L,Home
SAS,2015,100,95,W,Home
CHI,2015,86,102,L,Away
WAS,2015,102,86,W,Home
MIL,2015,87,95,L,Away
CHI,2015,95,87,W,Home
DET,2015,98,93,W,Home
BRK,2015,93,98,L,Away
HOU,2015,97,82,W,Home
DAL,2015,100,120,L,Away
SAS,2015,108,93,W,Away
MIN,2015,93,108,L,Home
NYK,2015,82,110,L,Home
IND,2015,92,93,L,Away
PHI,2015,93,92,W,Home
ORL,2015,92,103,L,Away
POR,2015,103,92,W,Home
BOS,2015,96,109,L,Away
TOR,2015,109,96,W,Home
ATL,2015,120,89,W,Home
WAS,2015,89,120,L,Away
MIA,2015,104,90,W,Away
LAC,2015,90,104,L,Home
LAL,2015,94,106,L,Home
POR,2015,106,94,W,Away
PHO,2015,110,122,L,Away
MEM,2015,122,110,W,Home
SAC,2015,103,84,W,Home
CLE,2015,84,103,L,Away
BOS,2015,108,100,W,Home
NOP,2015,100,108,L,Away
BRK,2015,99,113,L,Home
HOU,2015,113,99,W,Away
CHI,2015,114,121,L,Home
ORL,2015,121,114,W,Away
DET,2015,114,111,W,Away
TOR,2015,111,114,L,Home
MIN,2015,110,101,W,Away
IND,2015,101,110,L,Home
LAL,2015,75,78,L,Home
MIA,2015,78,75,W,Away
ATL,2015,105,87,W,Away
CLE,2015,100,107,L,Away
PHO,2015,107,100,W,Home
DAL,2015,108,104,W,Away
SAC,2015,104,108,L,Home
GSW,2015,116,105,W,Away
UTA,2015,105,116,L,Home
SAS,2015,93,101,L,Away
WAS,2015,101,93,W,Home
BOS,2015,91,105,L,Home
ATL,2015,105,91,W,Away
MEM,2015,103,92,W,Away
BRK,2015,92,103,L,Home
CHI,2015,99,105,L,Home
WAS,2015,105,99,W,Away
CHO,2015,93,98,L,Home
SAS,2015,98,93,W,Away
DEN,2015,114,107,W,Home
DAL,2015,107,114,L,Away
DET,2015,94,105,L,Home
NOP,2015,105,94,W,Away
GSW,2015,104,89,W,Home
MIA,2015,89,104,L,Away
HOU,2015,113,120,L,Away
ORL,2015,120,113,W,Home
LAC,2015,100,94,W,Away
POR,2015,94,100,L,Home
PHI,2015,84,100,L,Away
TOR,2015,100,84,W,Home
HOU,2015,112,101,W,Home
OKC,2015,101,112,L,Away
CLE,2015,109,102,W,Away
MIL,2015,95,79,W,Neutral
NYK,2015,79,95,L,Neutral
BOS,2015,103,119,L,Home
CHI,2015,119,103,W,Away
DAL,2015,97,89,W,Home
DEN,2015,89,97,L,Away
DET,2015,98,96,W,Away
IND,2015,96,98,L,Home
LAC,2015,121,126,L,Home
CLE,2015,126,121,W,Away
OKC,2015,127,115,W,Home
GSW,2015,115,127,L,Away
ORL,2015,96,106,L,Home
MEM,2015,106,96,W,Away
NOP,2015,81,96,L,Away
PHI,2015,96,81,W,Home
MIN,2015,99,110,L,Away
PHO,2015,110,99,W,Home
SAC,2015,83,95,L,Home
SAS,2015,110,96,W,Home
POR,2015,96,110,L,Away
TOR,2015,89,110,L,Home
ATL,2015,110,89,W,Away
LAL,2015,85,94,L,Away
UTA,2015,94,85,W,Home
WAS,2015,80,102,L,Home
BRK,2015,102,80,W,Away
BRK,2015,90,99,L,Home
WAS,2015,99,90,W,Away
CHI,2015,99,107,L,Home
ATL,2015,107,99,W,Away
CHO,2015,80,71,W,Home
IND,2015,71,80,L,Away
MIN,2015,113,105,W,Away
DEN,2015,105,113,L,Home
PHI,2015,89,107,L,Away
DET,2015,107,89,W,Home
GSW,2015,131,106,W,Away
HOU,2015,106,131,L,Home
POR,2015,98,102,L,Away
MEM,2015,102,98,W,Home
SAC,2015,108,117,L,Home
LAC,2015,117,108,W,Away
ORL,2015,99,127,L,Home
OKC,2015,127,99,W,Away
UTA,2015,69,89,L,Away
SAS,2015,89,69,W,Home
TOR,2015,93,95,L,Home
NOP,2015,95,93,W,Away
DET,2015,82,93,L,Away
ATL,2015,93,82,W,Home
MIN,2015,80,105,L,Away
CHO,2015,105,80,W,Home
CHI,2015,94,108,L,Away
CLE,2015,108,94,W,Home
DEN,2015,79,122,L,Away
GSW,2015,122,79,W,Home
IND,2015,98,110,L,Away
HOU,2015,110,98,W,Home
BOS,2015,93,102,L,Away
LAC,2015,102,93,W,Home
DAL,2015,103,95,W,Away
MEM,2015,95,103,L,Home
TOR,2015,92,89,W,Away
MIL,2015,89,92,L,Home
NYK,2015,99,92,W,Home
NOP,2015,92,99,L,Away
PHO,2015,115,100,W,Home
LAL,2015,100,115,L,Away
SAC,2015,94,98,L,Away
WAS,2015,111,76,W,Home
PHI,2015,76,111,L,Away
SAS,2015,109,99,W,Away
DEN,2015,99,109,L,Home
OKC,2015,94,86,W,Away
MIA,2015,86,94,L,Home
IND,2015,91,110,L,Away
ATL,2015,110,91,W,Home
MIA,2015,76,78,L,Away
CHO,2015,78,76,W,Home
UTA,2015,92,106,L,Away
CLE,2015,106,92,W,Home
ORL,2015,118,128,L,Away
DET,2015,128,118,W,Home
GSW,2015,126,113,W,Home
HOU,2015,113,126,L,Away
MEM,2015,92,86,W,Home
TOR,2015,86,92,L,Away
MIN,2015,75,98,L,Home
DAL,2015,98,75,W,Away
NOP,2015,96,80,W,Home
LAL,2015,80,96,L,Away
PHI,2015,91,98,L,Home
NYK,2015,98,91,W,Away
POR,2015,113,118,L,Away
PHO,2015,118,113,W,Home
BRK,2015,103,100,W,Away
SAC,2015,100,103,L,Home
OKC,2015,105,103,W,Away
WAS,2015,103,105,L,Home
SAS,2015,81,104,L,Away
CHI,2015,104,81,W,Home
BRK,2015,84,123,L,Away
LAC,2015,123,84,W,Home
MIL,2015,99,101,L,Home
UTA,2015,101,99,W,Away
BOS,2015,90,89,W,Away
POR,2015,89,90,L,Home
ATL,2015,103,93,W,Home
OKC,2015,93,103,L,Away
CLE,2015,129,90,W,Home
CHO,2015,90,129,L,Away
CHI,2015,102,98,W,Away
DAL,2015,98,102,L,Home
BOS,2015,100,99,W,Away
DEN,2015,99,100,L,Home
SAC,2015,101,126,L,Away
GSW,2015,126,101,W,Home
IND,2015,87,89,L,Away
MIA,2015,89,87,W,Home
MIN,2015,84,92,L,Home
NOP,2015,92,84,W,Away
NYK,2015,113,106,W,Home
ORL,2015,106,113,L,Away
TOR,2015,91,86,W,Away
PHI,2015,86,91,L,Home
PHO,2015,111,113,L,Home
HOU,2015,113,111,W,Away
LAL,2015,85,99,L,Away
SAS,2015,99,85,W,Home
NYK,2015,71,76,L,Away
CHO,2015,76,71,W,Home
MEM,2015,101,83,W,Home
PHI,2015,83,101,L,Away
DET,2015,86,101,L,Away
MIL,2015,101,86,W,Home
POR,2015,103,96,W,Home
WAS,2015,96,103,L,Away
UTA,2015,108,73,W,Home
BRK,2015,73,108,L,Away
ATL,2015,112,100,W,Home
MIN,2015,100,112,L,Away
CHI,2015,84,96,L,Home
MIA,2015,96,84,W,Away
OKC,2015,98,108,L,Away
CLE,2015,108,98,W,Home
DEN,2015,115,117,L,Home
WAS,2015,117,115,W,Away
GSW,2015,114,111,W,Home
BOS,2015,111,114,L,Away
HOU,2015,99,87,W,Away
LAL,2015,87,99,L,Home
NOP,2015,109,106,W,Home
DAL,2015,106,109,L,Away
IND,2015,106,99,W,Away
ORL,2015,99,106,L,Home
PHO,2015,100,120,L,Home
MIL,2015,95,101,L,Away
SAS,2015,101,95,W,Home
DET,2015,110,114,L,Away
TOR,2015,114,110,W,Home
LAC,2015,102,98,W,Home
DEN,2015,98,102,L,Away
MEM,2015,103,94,W,Home
ORL,2015,94,103,L,Away
PHI,2015,74,99,L,Away
NOP,2015,99,74,W,Home
OKC,2015,92,84,W,Home
BOS,2015,99,90,W,Away
UTA,2015,90,99,L,Home
MEM,2015,109,90,W,Away
DAL,2015,90,109,L,Home
DET,2015,95,103,L,Home
CLE,2015,103,95,W,Away
CHI,2015,113,111,W,Away
GSW,2015,111,113,L,Home
TOR,2015,104,91,W,Away
IND,2015,91,104,L,Home
WAS,2015,98,92,W,Away
LAL,2015,92,98,L,Home
MIL,2015,109,102,W,Away
MIA,2015,102,109,L,Home
ATL,2015,113,102,W,Home
BRK,2015,102,113,L,Away
POR,2015,94,99,L,Away
CLE,2015,99,94,W,Home
HOU,2015,99,94,W,Home
DAL,2015,94,99,L,Away
BOS,2015,98,110,L,Away
MIN,2015,110,98,W,Home
NOP,2015,85,93,L,Home
DEN,2015,93,85,W,Away
OKC,2015,92,100,L,Away
NYK,2015,100,92,W,Home
DET,2015,69,89,L,Away
PHI,2015,89,69,W,Home
WAS,2015,98,106,L,Away
PHO,2015,106,98,W,Home
SAS,2015,95,86,W,Home
CHO,2015,86,95,L,Away
SAC,2015,102,119,L,Away
TOR,2015,119,102,W,Home
UTA,2015,89,94,L,Home
LAC,2015,94,89,W,Away
NYK,2015,82,103,L,Away
IND,2015,103,82,W,Home
CHI,2015,118,123,L,Away
LAL,2015,123,118,W,Home
DEN,2015,69,99,L,Away
MEM,2015,99,69,W,Home
MIL,2015,115,100,W,Away
ORL,2015,100,115,L,Home
ATL,2015,105,99,W,Home
POR,2015,99,105,L,Away
BOS,2015,87,93,L,Home
HOU,2015,93,87,W,Away
TOR,2015,127,122,W,Away
BRK,2015,122,127,L,Home
CLE,2015,101,90,W,Home
SAC,2015,90,101,L,Away
MIA,2015,72,93,L,Home
DAL,2015,93,72,W,Away
NOP,2015,108,103,W,Home
LAC,2015,103,108,L,Away
PHI,2015,103,94,W,Home
MIN,2015,94,103,L,Away
PHO,2015,99,93,W,Home
CHI,2015,93,99,L,Away
GSW,2015,100,110,L,Away
UTA,2015,110,100,W,Home
PHI,2015,85,91,L,Away
DEN,2015,86,104,L,Home
HOU,2015,101,114,L,Away
DET,2015,114,101,W,Home
PHO,2015,87,106,L,Away
GSW,2015,106,87,W,Home
SAC,2015,99,94,W,Away
IND,2015,94,99,L,Home
MEM,2015,85,74,W,Home
OKC,2015,74,85,L,Away
POR,2015,88,95,L,Away
MIL,2015,95,88,W,Home
MIN,2015,90,106,L,Home
CLE,2015,106,90,W,Away
ORL,2015,93,108,L,Home
DAL,2015,108,93,W,Away
SAS,2015,85,105,L,Home
LAC,2015,105,85,W,Away
TOR,2015,120,116,W,Away
WAS,2015,116,120,L,Home
MIA,2015,83,75,W,Away
BOS,2015,75,83,L,Home
LAL,2015,80,92,L,Away
NYK,2015,92,80,W,Home
BRK,2015,102,100,W,Home
LAC,2015,100,102,L,Away
CLE,2015,97,84,W,Home
PHI,2015,84,97,L,Away
DAL,2015,100,94,W,Home
ATL,2015,100,115,L,Away
NOP,2015,115,100,W,Home
OKC,2015,104,97,W,Home
ORL,2015,97,104,L,Away
MEM,2015,102,101,W,Away
PHO,2015,101,102,L,Home
TOR,2015,75,82,L,Home
MIL,2015,82,75,W,Away
WAS,2015,88,92,L,Home
CHO,2015,92,88,W,Away
DET,2015,108,91,W,Home
BOS,2015,108,97,W,Away
NYK,2015,97,108,L,Home
DEN,2015,98,105,L,Away
PHI,2015,105,98,W,Home
POR,2015,103,102,W,Home
UTA,2015,102,103,L,Away
SAC,2015,96,121,L,Home
GSW,2015,121,96,W,Away
ATL,2015,105,96,W,Home
WAS,2015,96,105,L,Away
BOS,2015,104,100,W,Home
DEN,2015,100,104,L,Away
DAL,2015,114,128,L,Away
GSW,2015,128,114,W,Home
HOU,2015,101,90,W,Home
CHI,2015,90,101,L,Away
DET,2015,109,114,L,Away
IND,2015,114,109,W,Home
LAL,2015,105,113,L,Away
MIL,2015,113,105,W,Home
MIN,2015,102,101,W,Home
NOP,2015,91,102,L,Home
ORL,2015,103,110,L,Away
SAS,2015,110,103,W,Home
TOR,2015,93,109,L,Home
BRK,2015,109,93,W,Away
UTA,2015,90,100,L,Home
MEM,2015,100,90,W,Away
CHO,2015,94,87,W,Home
WAS,2015,87,94,L,Away
LAC,2015,94,105,L,Away
CLE,2015,105,94,W,Home
PHO,2015,87,108,L,Away
SAC,2015,78,101,L,Home
DAL,2015,101,78,W,Away
GSW,2015,116,124,L,Away
ATL,2015,124,116,W,Home
PHI,2015,96,107,L,Away
BOS,2015,107,96,W,Home
BRK,2015,92,88,W,Home
NYK,2015,88,92,L,Away
DEN,2015,88,98,L,Away
DET,2015,98,88,W,Home
MIL,2015,111,117,L,Away
IND,2015,103,99,W,Home
CLE,2015,99,103,L,Away
MEM,2015,89,90,L,Away
MIN,2015,90,89,W,Home
OKC,2015,113,116,L,Home
NOP,2015,116,113,W,Away
LAL,2015,97,103,L,Away
ORL,2015,103,97,W,Home
UTA,2015,93,100,L,Away
PHO,2015,100,93,W,Home
MIA,2015,85,98,L,Away
SAS,2015,98,85,W,Home
LAC,2015,107,123,L,Away
TOR,2015,123,107,W,Home
DAL,2015,111,101,W,Home
POR,2015,101,111,L,Away
MIL,2015,96,93,W,Home
BOS,2015,93,96,L,Away
CHI,2015,107,72,W,Away
NOP,2015,72,107,L,Home
NYK,2015,92,106,L,Home
GSW,2015,106,92,W,Away
CHO,2015,81,89,L,Away
PHI,2015,89,81,W,Home
SAC,2015,90,102,L,Away
UTA,2015,102,90,W,Home
WAS,2015,114,77,W,Home
BRK,2015,77,114,L,Away
CHO,2015,102,103,L,Home
IND,2015,103,102,W,Away
CLE,2015,120,105,W,Home
LAL,2015,105,120,L,Away
MIN,2015,112,101,W,Away
DET,2015,101,112,L,Home
POR,2015,109,98,W,Away
HOU,2015,98,109,L,Home
ATL,2015,88,94,L,Away
MEM,2015,94,88,W,Home
LAC,2015,108,131,L,Away
OKC,2015,131,108,W,Home
CHI,2015,98,97,W,Away
PHO,2015,83,85,L,Away
SAC,2015,85,83,W,Home
SAS,2015,82,87,L,Away
TOR,2015,87,82,W,Home
DAL,2015,98,115,L,Home
LAC,2015,115,98,W,Away
DEN,2015,114,124,L,Home
OKC,2015,124,114,W,Away
IND,2015,93,95,L,Home
MIA,2015,109,95,W,Home
MIL,2015,103,97,W,Home
BRK,2015,97,103,L,Away
MIN,2015,105,117,L,Home
ATL,2015,117,105,W,Away
NOP,2015,96,100,L,Home
GSW,2015,89,84,W,Away
PHI,2015,84,89,L,Home
WAS,2015,96,80,W,Home
ORL,2015,80,96,L,Away
SAC,2015,86,104,L,Away
CHI,2015,104,86,W,Home
DET,2015,106,78,W,Away
CHO,2015,78,106,L,Home
DEN,2015,106,96,W,Away
LAL,2015,96,106,L,Home
BRK,2015,86,95,L,Away
MEM,2015,95,86,W,Home
HOU,2015,127,118,W,Away
PHO,2015,118,127,L,Home
BOS,2015,89,88,W,Home
ATL,2015,88,89,L,Away
MIA,2015,93,113,L,Away
CLE,2015,113,93,W,Home
UTA,2015,82,87,L,Away
DAL,2015,87,82,W,Home
DET,2015,87,104,L,Home
SAS,2015,104,87,W,Away
HOU,2015,95,110,L,Away
LAC,2015,110,95,W,Home
SAC,2015,103,111,L,Away
MIL,2015,111,103,W,Home
GSW,2015,94,91,W,Away
MIN,2015,91,94,L,Home
NOP,2015,93,106,L,Home
IND,2015,106,93,W,Away
OKC,2015,105,89,W,Home
MEM,2015,89,105,L,Away
ORL,2015,89,83,W,Home
NYK,2015,83,89,L,Away
LAL,2015,86,102,L,Away
POR,2015,102,86,W,Home
WAS,2015,93,95,L,Away
TOR,2015,95,93,W,Home
CLE,2015,98,113,L,Away
CHI,2015,113,98,W,Home
SAS,2015,115,119,L,Away
LAC,2015,119,115,W,Home
DAL,2015,89,104,L,Away
OKC,2015,104,89,W,Home
TOR,2015,105,80,W,Away
ATL,2015,80,105,L,Home
DAL,2015,111,100,W,Home
HOU,2015,100,111,L,Away
DET,2015,100,91,W,Home
CHI,2015,91,100,L,Away
SAS,2015,99,110,L,Away
GSW,2015,110,99,W,Home
BRK,2015,114,105,W,Away
LAL,2015,105,114,L,Home
MIL,2015,89,81,W,Home
DEN,2015,81,89,L,Away
PHO,2015,109,111,L,Away
MIN,2015,111,109,W,Home
NYK,2015,87,111,L,Home
MIA,2015,111,87,W,Away
ORL,2015,95,84,W,Home
NOP,2015,84,95,L,Away
PHI,2015,95,106,L,Home
SAC,2015,109,101,W,Home
BOS,2015,101,109,L,Away
POR,2015,76,92,L,Away
UTA,2015,92,76,W,Home
CLE,2015,127,89,W,Away
WAS,2015,89,127,L,Home
CHI,2015,112,107,W,Home
PHO,2015,107,112,L,Away
CHO,2015,103,110,L,Home
OKC,2015,110,103,W,Away
TOR,2015,76,98,L,Away
HOU,2015,98,76,W,Home
SAC,2015,99,126,L,Away
LAC,2015,126,99,W,Home
NOP,2015,105,91,W,Away
MIA,2015,91,105,L,Home
DAL,2015,92,81,W,Home
CHO,2015,81,92,L,Away
DET,2015,106,89,W,Home
WAS,2015,89,106,L,Away
GSW,2015,98,104,L,Away
IND,2015,104,98,W,Home
BOS,2015,111,118,L,Away
LAL,2015,118,111,W,Home
ATL,2015,97,86,W,Away
MIL,2015,86,97,L,Home
CLE,2015,101,83,W,Away
NYK,2015,83,101,L,Home
DEN,2015,94,119,L,Away
OKC,2015,119,94,W,Home
ORL,2015,103,98,W,Home
PHI,2015,98,103,L,Away
MEM,2015,98,92,W,Away
POR,2015,92,98,L,Home
CHI,2015,87,71,W,Home
MIL,2015,71,87,L,Away
BRK,2015,110,82,W,Away
HOU,2015,113,102,W,Home
MIN,2015,102,113,L,Away
LAC,2015,87,90,L,Home
MEM,2015,90,87,W,Away
PHI,2015,108,119,L,Away
MIA,2015,119,108,W,Home
NOP,2015,100,97,W,Home
TOR,2015,97,100,L,Away
BOS,2015,115,110,W,Away
PHO,2015,110,115,L,Home
SAS,2015,81,90,L,Away
UTA,2015,90,81,W,Home
TOR,2015,92,99,L,Away
DAL,2015,99,92,W,Home
DET,2015,93,102,L,Home
CLE,2015,102,93,W,Away
IND,2015,92,105,L,Away
OKC,2015,105,92,W,Home
WAS,2015,107,114,L,Home
GSW,2015,114,107,W,Away
ATL,2015,104,87,W,Home
DAL,2015,87,104,L,Away
BOS,2015,115,94,W,Home
NYK,2015,94,115,L,Away
CHO,2015,98,86,W,Away
CHI,2015,86,98,L,Home
PHO,2015,110,96,W,Away
DEN,2015,96,110,L,Home
HOU,2015,110,105,W,Home
LAC,2015,105,110,L,Away
PHI,2015,88,104,L,Away
MIN,2015,97,77,W,Home
WAS,2015,77,97,L,Away
NOP,2015,102,96,W,Home
BRK,2015,96,102,L,Away
MIA,2015,93,90,W,Away
SAS,2015,95,111,L,Away
POR,2015,111,95,W,Home
SAC,2015,102,90,W,Home
MEM,2015,90,102,L,Away
LAL,2015,100,97,W,Away
GSW,2015,99,110,L,Away
CLE,2015,110,99,W,Home
OKC,2015,113,117,L,Away
PHO,2015,117,113,W,Home
ATL,2015,95,88,W,Home
ORL,2015,88,95,L,Away
CHO,2015,98,106,L,Away
BOS,2015,106,98,W,Home
MIN,2015,89,96,L,Away
CHI,2015,96,89,W,Home
DEN,2015,82,104,L,Home
UTA,2015,104,82,W,Away
NYK,2015,121,115,W,Away
DET,2015,115,121,L,Home
HOU,2015,102,98,W,Home
BRK,2015,98,102,L,Away
CLE,2015,86,93,L,Away
IND,2015,93,86,W,Home
MIL,2015,93,101,L,Away
LAL,2015,101,93,W,Home
MEM,2015,79,97,L,Home
LAC,2015,97,79,W,Away
MIA,2015,102,104,L,Away
NOP,2015,104,102,W,Home
WAS,2015,81,89,L,Away
OKC,2015,112,115,L,Away
POR,2015,115,112,W,Home
SAC,2015,96,107,L,Home
SAS,2015,107,96,W,Away
TOR,2015,89,113,L,Home
GSW,2015,113,89,W,Away
DAL,2015,94,104,L,Home
BRK,2015,104,94,W,Away
ATL,2015,93,91,W,Away
MIA,2015,91,93,L,Home
MEM,2015,101,97,W,Away
MIN,2015,97,101,L,Home
NYK,2015,103,98,W,Home
TOR,2015,98,103,L,Away
PHO,2015,74,101,L,Home
SAS,2015,101,74,W,Away
MIL,2015,75,82,L,Away
UTA,2015,82,75,W,Home
DET,2015,95,99,L,Away
WAS,2015,99,95,W,Home
BOS,2015,101,106,L,Home
LAC,2015,96,86,W,Away
CHI,2015,86,96,L,Home
DEN,2015,92,99,L,Home
NOP,2015,99,92,W,Away
CLE,2015,103,105,L,Away
HOU,2015,105,103,W,Home
IND,2015,94,74,W,Home
PHI,2015,74,94,L,Away
OKC,2015,108,101,W,Away
CHO,2015,98,83,W,Away
SAC,2015,99,110,L,Home
POR,2015,110,99,W,Away
GSW,2015,108,110,L,Away
BRK,2015,110,108,W,Home
DAL,2015,102,93,W,Home
MIA,2015,115,98,W,Home
PHO,2015,98,115,L,Away
LAC,2015,110,105,W,Away
MIN,2015,105,110,L,Home
PHI,2015,103,114,L,Home
TOR,2015,114,103,W,Away
ATL,2015,104,96,W,Home
HOU,2015,96,104,L,Away
CHI,2015,97,92,W,Home
WAS,2015,92,97,L,Away
CHO,2015,104,103,W,Home
BOS,2015,79,110,L,Away
CLE,2015,110,79,W,Home
DEN,2015,106,95,W,Home
MIL,2015,95,106,L,Away
MEM,2015,82,93,L,Home
UTA,2015,93,82,W,Away
SAC,2015,124,86,W,Away
NYK,2015,86,124,L,Home
BOS,2015,85,84,W,Home
UTA,2015,84,85,L,Away
CHO,2015,115,91,W,Away
BRK,2015,91,115,L,Home
GSW,2015,102,93,W,Home
MIL,2015,93,102,L,Away
HOU,2015,100,102,L,Home
MEM,2015,102,100,W,Away
IND,2015,105,82,W,Home
NYK,2015,82,105,L,Away
POR,2015,98,93,W,Away
LAC,2015,93,98,L,Home
MIA,2015,100,94,W,Home
LAL,2015,94,100,L,Away
MIN,2015,85,100,L,Home
DEN,2015,100,85,W,Away
DET,2015,85,88,L,Away
NOP,2015,88,85,W,Home
PHI,2015,118,123,L,Away
OKC,2015,123,118,W,Home
PHO,2015,105,100,W,Away
ORL,2015,100,105,L,Home
SAS,2015,112,85,W,Home
SAC,2015,85,112,L,Away
CLE,2015,120,112,W,Away
TOR,2015,112,120,L,Home
CHI,2015,108,105,W,Home
OKC,2015,105,108,L,Away
POR,2015,94,75,W,Home
DAL,2015,75,94,L,Away
ATL,2015,106,97,W,Home
PHO,2015,108,100,W,Away
BRK,2015,100,108,L,Home
CHO,2015,103,94,W,Home
TOR,2015,94,103,L,Away
HOU,2015,103,93,W,Home
DET,2015,93,103,L,Away
IND,2015,98,84,W,Home
CHI,2015,84,98,L,Away
MEM,2015,97,90,W,Home
LAL,2015,90,97,L,Away
BOS,2015,104,98,W,Away
NOP,2015,98,104,L,Home
SAC,2015,114,119,L,Away
ORL,2015,119,114,W,Home
PHI,2015,83,89,L,Home
UTA,2015,89,83,W,Away
DEN,2015,111,120,L,Away
SAS,2015,120,111,W,Home
MIA,2015,97,99,L,Away
WAS,2015,99,97,W,Home
CLE,2015,89,79,W,Home
PHO,2015,79,89,L,Away
HOU,2015,114,100,W,Away
DEN,2015,100,114,L,Home
MIA,2015,114,109,W,Home
SAC,2015,109,114,L,Away
WAS,2015,85,91,L,Away
MIL,2015,91,85,W,Home
MIN,2015,121,113,W,Home
POR,2015,113,121,L,Away
NOP,2015,95,89,W,Home
MEM,2015,89,95,L,Away
NYK,2015,86,92,L,Home
IND,2015,92,86,W,Away
PHI,2015,92,84,W,Home
ATL,2015,84,92,L,Away
BRK,2015,88,95,L,Home
UTA,2015,95,88,W,Away
GSW,2015,106,98,W,Home
LAC,2015,98,106,L,Away
DAL,2015,100,93,W,Away
LAL,2015,93,100,L,Home
OKC,2015,108,104,W,Home
TOR,2015,104,108,L,Away
BOS,2015,98,103,L,Away
SAS,2015,116,105,W,Home
CHI,2015,105,116,L,Away
SAC,2015,105,130,L,Away
ATL,2015,130,105,W,Home
MEM,2015,101,91,W,Away
CHI,2015,91,101,L,Home
CHO,2015,69,95,L,Home
WAS,2015,95,69,W,Away
NYK,2015,78,106,L,Away
DEN,2015,106,78,W,Home
MIN,2015,76,89,L,Away
LAC,2015,89,76,W,Home
MIA,2015,90,100,L,Home
BOS,2015,100,90,W,Away
MIL,2015,103,114,L,Home
NOP,2015,114,103,W,Away
PHO,2015,80,98,L,Home
GSW,2015,98,80,W,Away
BRK,2015,91,111,L,Home
NOP,2015,111,91,W,Away
DAL,2015,94,127,L,Home
ORL,2015,86,118,L,Away
IND,2015,118,86,W,Home
LAL,2015,93,85,W,Home
DET,2015,85,93,L,Away
SAS,2015,117,107,W,Home
TOR,2015,107,117,L,Away
UTA,2015,87,82,W,Home
NYK,2015,82,87,L,Away
BOS,2015,95,92,W,Home
MEM,2015,92,95,L,Away
CHO,2015,106,113,L,Home
SAC,2015,113,106,W,Away
ATL,2015,102,115,L,Away
DEN,2015,115,102,W,Home
DET,2015,98,105,L,Away
BRK,2015,98,104,L,Away
MIA,2015,104,98,W,Home
ORL,2015,91,97,L,Away
MIL,2015,97,91,W,Home
OKC,2015,108,120,L,Home
LAC,2015,120,108,W,Away
CHI,2015,104,95,W,Away
PHI,2015,95,104,L,Home
PHO,2015,106,97,W,Home
MIN,2015,97,106,L,Away
POR,2015,105,100,W,Home
HOU,2015,100,105,L,Away
IND,2015,109,103,W,Home
MIL,2015,103,109,L,Away
NYK,2015,101,94,W,Away
CLE,2015,128,125,W,Away
SAS,2015,125,128,L,Home
UTA,2015,109,91,W,Home
HOU,2015,91,109,L,Away
MEM,2015,87,107,L,Away
WAS,2015,107,87,W,Home
BOS,2015,95,88,W,Home
CHO,2015,101,91,W,Home
DAL,2015,129,99,W,Home
LAC,2015,99,129,L,Away
DEN,2015,114,103,W,Home
GSW,2015,103,114,L,Away
OKC,2015,113,99,W,Home
MIN,2015,99,113,L,Away
PHI,2015,114,107,W,Home
SAC,2015,107,114,L,Away
ATL,2015,96,87,W,Away
PHO,2015,87,96,L,Home
POR,2015,118,99,W,Home
DET,2015,99,118,L,Away
TOR,2015,102,92,W,Home
MIA,2015,92,102,L,Away
NYK,2015,94,125,L,Away
GSW,2015,125,94,W,Home
IND,2015,89,93,L,Home
BOS,2015,93,89,W,Away
MIL,2015,83,96,L,Away
MEM,2015,96,83,W,Home
BRK,2015,94,87,W,Away
PHI,2015,87,94,L,Home
UTA,2015,88,85,W,Home
SAC,2015,97,113,L,Away
WAS,2015,113,97,W,Home
LAC,2015,98,100,L,Home
HOU,2015,100,98,W,Away
LAL,2015,86,91,L,Home
ATL,2015,91,86,W,Away
DEN,2015,118,111,W,Away
CHI,2015,100,109,L,Away
OKC,2015,109,100,W,Home
ORL,2015,108,123,L,Home
CLE,2015,123,108,W,Away
NYK,2015,89,102,L,Away
PHO,2015,102,89,W,Home
SAS,2015,123,97,W,Home
MIN,2015,97,123,L,Away
TOR,2015,97,113,L,Home
POR,2015,113,97,W,Away
BOS,2015,108,89,W,Home
PHI,2015,89,108,L,Away
OKC,2015,115,119,L,Away
DAL,2015,119,115,W,Home
LAL,2015,105,108,L,Away
GSW,2015,108,105,W,Home
TOR,2015,117,98,W,Away
IND,2015,98,117,L,Home
DEN,2015,81,92,L,Away
MEM,2015,92,81,W,Home
CLE,2015,92,106,L,Away
MIA,2015,106,92,W,Home
MIN,2015,106,122,L,Home
BRK,2015,122,106,W,Away
ATL,2015,110,103,W,Away
SAC,2015,103,110,L,Home
CHO,2015,66,94,L,Away
UTA,2015,94,66,W,Home
POR,2015,97,105,L,Away
WAS,2015,105,97,W,Home
DET,2015,105,95,W,Home
MEM,2015,95,105,L,Away
ORL,2015,94,107,L,Away
HOU,2015,107,94,W,Home
LAC,2015,99,92,W,Home
CHO,2015,92,99,L,Away
MIL,2015,84,85,L,Away
NOP,2015,85,84,W,Home
SAS,2015,100,104,L,Away
NYK,2015,104,100,W,Home
IND,2015,86,103,L,Away
CHI,2015,103,86,W,Home
CLE,2015,117,92,W,Home
BRK,2015,92,117,L,Away
ORL,2015,102,107,L,Away
DAL,2015,107,102,W,Home
ATL,2015,95,114,L,Away
GSW,2015,114,95,W,Home
MIA,2015,108,104,W,Home
POR,2015,104,108,L,Away
SAS,2015,114,103,W,Away
OKC,2015,122,118,W,Home
BOS,2015,118,122,L,Away
PHI,2015,94,83,W,Home
DET,2015,83,94,L,Away
LAC,2015,116,105,W,Away
SAC,2015,105,116,L,Home
TOR,2015,105,100,W,Home
MIN,2015,100,105,L,Away
UTA,2015,84,88,L,Home
WAS,2015,88,84,W,Away
HOU,2015,118,108,W,Home
DEN,2015,108,118,L,Away
UTA,2015,80,73,W,Away
LAL,2015,73,80,L,Home
NYK,2015,92,95,L,Home
MIN,2015,95,92,W,Away
PHO,2015,74,72,W,Home
NOP,2015,72,74,L,Away
BRK,2015,129,127,W,Home
MIL,2015,127,129,L,Away
CHI,2015,108,92,W,Home
TOR,2015,92,108,L,Away
IND,2015,92,95,L,Away
CLE,2015,95,92,W,Home
MEM,2015,112,101,W,Away
DAL,2015,101,112,L,Home
NOP,2015,96,112,L,Away
GSW,2015,112,96,W,Home
WAS,2015,99,113,L,Away
LAC,2015,113,99,W,Home
DEN,2015,91,108,L,Away
MIA,2015,108,91,W,Home
OKC,2015,123,115,W,Home
ATL,2015,115,123,L,Away
POR,2015,104,111,L,Away
ORL,2015,111,104,W,Home
PHI,2015,97,81,W,Home
SAC,2015,101,91,W,Home
CHO,2015,91,101,L,Away
BOS,2015,89,101,L,Away
SAS,2015,101,89,W,Home
CHI,2015,91,107,L,Away
DET,2015,107,91,W,Home
UTA,2015,91,106,L,Away
GSW,2015,106,91,W,Home
PHO,2015,117,102,W,Away
HOU,2015,102,117,L,Home
BRK,2015,123,111,W,Away
IND,2015,111,123,L,Home
MEM,2015,97,86,W,Home
POR,2015,86,97,L,Away
SAS,2015,114,95,W,Away
BOS,2015,97,105,L,Home
DET,2015,105,97,W,Away
LAC,2015,107,100,W,Home
PHI,2015,87,101,L,Away
LAL,2015,101,87,W,Home
MIL,2015,90,108,L,Home
CLE,2015,108,90,W,Away
CHO,2015,109,98,W,Away
MIN,2015,98,109,L,Home
OKC,2015,93,75,W,Home
DEN,2015,119,100,W,Away
ORL,2015,100,119,L,Home
PHO,2015,98,92,W,Home
DAL,2015,92,98,L,Away
WAS,2015,86,109,L,Away
SAC,2015,109,86,W,Home
NYK,2015,89,106,L,Away
TOR,2015,106,89,W,Home
BOS,2015,110,91,W,Away
BRK,2015,91,110,L,Home
CHO,2015,86,98,L,Away
CHI,2015,98,86,W,Home
WAS,2015,76,107,L,Away
GSW,2015,107,76,W,Home
IND,2015,100,110,L,Home
HOU,2015,110,100,W,Away
MEM,2015,103,82,W,Away
MIN,2015,106,104,W,Away
UTA,2015,104,106,L,Home
DAL,2015,101,94,W,Home
SAS,2015,94,101,L,Away
DET,2015,108,104,W,Home
MIL,2015,89,88,W,Home
MIA,2015,88,89,L,Away
OKC,2015,127,117,W,Home
LAL,2015,117,127,L,Away
POR,2015,108,122,L,Home
GSW,2015,122,108,W,Away
PHI,2015,106,107,L,Away
SAC,2015,107,106,W,Home
BOS,2015,86,93,L,Home
MIA,2015,93,86,W,Away
BRK,2015,91,88,W,Away
CHO,2015,88,91,L,Home
PHI,2015,99,85,W,Away
DEN,2015,85,99,L,Home
CLE,2015,111,89,W,Away
MEM,2015,89,111,L,Home
LAL,2015,101,99,W,Away
MIN,2015,99,101,L,Home
HOU,2015,95,93,W,Away
NYK,2015,80,111,L,Home
LAC,2015,111,80,W,Away
ATL,2015,95,83,W,Away
ORL,2015,83,95,L,Home
PHO,2015,99,108,L,Home
SAC,2015,108,99,W,Away
OKC,2015,91,130,L,Away
SAS,2015,130,91,W,Home
CHI,2015,116,103,W,Away
TOR,2015,103,116,L,Home
UTA,2015,89,92,L,Home
POR,2015,92,89,W,Away
WAS,2015,101,103,L,Home
IND,2015,103,101,W,Away
MIL,2015,111,107,W,Home
IND,2015,107,111,L,Away
MIA,2015,86,99,L,Away
ATL,2015,99,86,W,Home
BRK,2015,106,98,W,Home
CLE,2015,98,106,L,Away
UTA,2015,91,107,L,Away
DEN,2015,107,91,W,Home
MIN,2015,110,120,L,Away
HOU,2015,120,110,W,Home
GSW,2015,107,84,W,Away
MEM,2015,84,107,L,Home
NOP,2015,102,88,W,Home
SAC,2015,88,102,L,Away
BOS,2015,96,92,W,Away
NYK,2015,92,96,L,Home
DET,2015,111,97,W,Away
ORL,2015,97,111,L,Home
LAC,2015,119,98,W,Away
PHI,2015,98,119,L,Home
POR,2015,87,81,W,Away
PHO,2015,81,87,L,Home
SAS,2015,94,76,W,Home
DAL,2015,76,94,L,Away
LAL,2015,83,94,L,Away
TOR,2015,94,83,W,Home
WAS,2015,110,107,W,Home
CHO,2015,107,110,L,Away
CHI,2015,111,80,W,Home
CHO,2015,115,100,W,Home
MIL,2015,95,108,L,Home
GSW,2015,108,95,W,Away
POR,2015,120,114,W,Home
DEN,2015,114,120,L,Away
UTA,2015,94,89,W,Home
OKC,2015,89,94,L,Away
LAC,2015,119,106,W,Away
BOS,2015,106,119,L,Home
LAL,2015,99,107,L,Away
PHI,2015,86,87,L,Away
CLE,2015,87,86,W,Home
DAL,2015,99,104,L,Away
IND,2015,104,99,W,Home
MIA,2015,109,102,W,Home
MIN,2015,88,110,L,Away
NOP,2015,110,88,W,Home
OKC,2015,109,97,W,Away
PHO,2015,97,109,L,Home
SAS,2015,103,89,W,Home
MEM,2015,89,103,L,Away
HOU,2015,99,91,W,Away
MIL,2015,88,101,L,Away
ATL,2015,101,88,W,Home
CHO,2015,104,116,L,Home
BOS,2015,116,104,W,Away
MEM,2015,97,83,W,Home
SAC,2015,83,97,L,Away
MIN,2015,84,104,L,Home
UTA,2015,104,84,W,Away
LAL,2015,113,111,W,Away
PHI,2015,111,113,L,Home
POR,2015,109,86,W,Home
PHO,2015,86,109,L,Away
HOU,2015,96,99,L,Away
TOR,2015,99,96,W,Home
BRK,2015,111,106,W,Home
IND,2015,106,111,L,Away
ATL,2015,95,105,L,Away
LAC,2015,106,110,L,Home
GSW,2015,110,106,W,Away
SAS,2015,95,81,W,Away
MIA,2015,81,95,L,Home
BOS,2015,100,87,W,Home
IND,2015,87,100,L,Away
CHO,2015,102,78,W,Home
DET,2015,78,102,L,Away
SAC,2015,111,115,L,Away
NOP,2015,113,92,W,Away
LAL,2015,92,113,L,Home
MIL,2015,95,91,W,Home
CHI,2015,91,95,L,Away
TOR,2015,113,99,W,Away
NYK,2015,98,100,L,Home
OKC,2015,131,135,L,Home
DAL,2015,135,131,W,Away
SAS,2015,103,91,W,Away
ORL,2015,91,103,L,Home
LAC,2015,126,122,W,Away
POR,2015,122,126,L,Home
UTA,2015,98,84,W,Home
DEN,2015,84,98,L,Away
WAS,2015,106,93,W,Home
PHI,2015,93,106,L,Away
MIA,2015,88,114,L,Away
CLE,2015,114,88,W,Home
DAL,2015,101,108,L,Home
HOU,2015,108,101,W,Away
PHO,2015,106,107,L,Away
GSW,2015,107,106,W,Home
BOS,2015,101,110,L,Home
MIL,2015,110,101,W,Away
BRK,2015,114,109,W,Home
TOR,2015,109,114,L,Away
DET,2015,82,88,L,Away
CHI,2015,88,82,W,Home
CHO,2015,74,93,L,Away
IND,2015,93,74,W,Home
LAL,2015,77,107,L,Home
POR,2015,107,77,W,Away
MEM,2015,100,92,W,Home
MIN,2015,84,97,L,Home
ORL,2015,97,84,W,Away
SAC,2015,95,101,L,Home
NOP,2015,101,95,W,Away
SAS,2015,123,93,W,Home
DEN,2015,93,123,L,Away
NYK,2015,87,101,L,Away
WAS,2015,101,87,W,Home
BRK,2015,99,131,L,Away
ATL,2015,131,99,W,Home
CHO,2015,92,91,W,Home
PHI,2015,91,92,L,Away
GSW,2015,123,110,W,Away
DAL,2015,110,123,L,Home
DEN,2015,92,107,L,Home
LAC,2015,107,92,W,Away
MIA,2015,98,99,L,Away
DET,2015,99,98,W,Home
MEM,2015,83,92,L,Home
WAS,2015,92,83,W,Away
MIL,2015,90,97,L,Home
ORL,2015,97,90,W,Away
UTA,2015,85,87,L,Away
PHO,2015,87,85,W,Home
NOP,2015,90,99,L,Away
POR,2015,99,90,W,Home
BOS,2015,117,116,W,Away
TOR,2015,116,117,L,Home
CHI,2015,94,99,L,Away
MIA,2015,89,112,L,Away
IND,2015,112,89,W,Home
LAC,2015,106,78,W,Away
LAL,2015,78,106,L,Home
PHI,2015,91,101,L,Away
NYK,2015,101,91,W,Home
HOU,2015,115,112,W,Away
UTA,2015,101,95,W,Away
GSW,2015,92,107,L,Away
SAS,2015,107,92,W,Home
BRK,2015,106,96,W,Home
POR,2015,96,106,L,Away
ATL,2015,96,69,W,Home
PHO,2015,69,96,L,Away
LAL,2015,100,105,L,Away
LAC,2015,105,100,W,Home
MIA,2015,105,100,W,Home
NOP,2015,103,100,W,Home
GSW,2015,100,103,L,Away
OKC,2015,88,113,L,Home
SAS,2015,113,88,W,Away
MIN,2015,111,116,L,Away
SAC,2015,116,111,W,Home
BRK,2015,111,114,L,Home
ATL,2015,114,111,W,Away
CHO,2015,74,92,L,Home
TOR,2015,92,74,W,Away
DAL,2015,107,104,W,Home
PHO,2015,104,107,L,Away
LAL,2015,101,119,L,Away
DEN,2015,119,101,W,Home
DET,2015,103,113,L,Home
BOS,2015,113,103,W,Away
NOP,2015,74,110,L,Away
MEM,2015,110,74,W,Home
MIL,2015,99,104,L,Home
CLE,2015,104,99,W,Away
IND,2015,102,86,W,Away
NYK,2015,86,102,L,Home
ORL,2015,105,103,W,Home
CHI,2015,103,105,L,Away
PHI,2015,90,119,L,Home
WAS,2015,119,90,W,Away
POR,2015,116,91,W,Home
MIN,2015,91,116,L,Away
SAS,2015,110,98,W,Home
HOU,2015,98,110,L,Away
SAC,2015,91,103,L,Away
UTA,2015,103,91,W,Home
POR,2015,105,116,L,Away
CHI,2015,89,78,W,Away
MIA,2015,78,89,L,Home
ATL,2015,104,80,W,Home
CHO,2015,80,104,L,Away
WAS,2015,80,117,L,Away
BRK,2015,117,80,W,Home
CLE,2015,90,99,L,Home
DEN,2015,143,144,L,Home
DAL,2015,144,143,W,Away
SAS,2015,104,103,W,Away
LAL,2015,106,98,W,Home
MIN,2015,98,106,L,Away
PHO,2015,75,90,L,Away
NOP,2015,90,75,W,Home
NYK,2015,91,99,L,Home
MIL,2015,99,91,W,Away
OKC,2015,116,103,W,Home
SAC,2015,103,116,L,Away
TOR,2015,101,99,W,Away
ORL,2015,99,101,L,Home
UTA,2015,88,89,L,Home
MEM,2015,89,88,W,Away
CHI,2015,114,107,W,Home
PHI,2015,107,114,L,Away
GSW,2015,110,101,W,Home
MEM,2015,86,94,L,Away
LAC,2015,94,86,W,Home
MIA,2015,104,107,L,Home
TOR,2015,107,104,W,Away
NYK,2015,80,79,W,Away
ORL,2015,79,80,L,Home
POR,2015,105,111,L,Home
UTA,2015,111,105,W,Away
BOS,2015,117,78,W,Home
CLE,2015,78,117,L,Away
DEN,2015,122,111,W,Home
SAC,2015,111,122,L,Away
DET,2015,116,77,W,Home
CHO,2015,77,116,L,Away
HOU,2015,121,114,W,Home
NOP,2015,114,121,L,Away
OKC,2015,104,116,L,Away
IND,2015,116,104,W,Home
LAL,2015,106,120,L,Home
DAL,2015,120,106,W,Away
MIL,2015,96,73,W,Home
BRK,2015,73,96,L,Away
SAS,2015,107,91,W,Home
PHO,2015,91,107,L,Away
ATL,2015,99,108,L,Away
WAS,2015,108,99,W,Home
NYK,2015,112,108,W,Away
ATL,2015,108,112,L,Home
BRK,2015,86,113,L,Home
CHI,2015,113,86,W,Away
HOU,2015,100,90,W,Away
CHO,2015,90,100,L,Home
DET,2015,97,109,L,Away
MEM,2015,107,111,L,Away
GSW,2015,111,107,W,Home
DEN,2015,103,110,L,Away
LAC,2015,110,103,W,Home
ORL,2015,93,100,L,Away
MIA,2015,100,93,W,Home
NOP,2015,100,88,W,Away
MIN,2015,88,100,L,Home
POR,2015,90,101,L,Away
OKC,2015,101,90,W,Home
MIL,2015,107,97,W,Away
PHI,2015,97,107,L,Home
SAC,2015,102,92,W,Home
LAL,2015,92,102,L,Away
UTA,2015,109,92,W,Home
DAL,2015,92,109,L,Away
BOS,2015,95,93,W,Home
IND,2015,99,95,W,Home
WAS,2015,95,99,L,Away
LAC,2015,112,101,W,Away
PHO,2015,101,112,L,Home
BRK,2015,101,88,W,Home
ORL,2015,88,101,L,Away
CHI,2015,91,85,W,Home
ATL,2015,85,91,L,Away
WAS,2015,108,113,L,Away
CLE,2015,113,108,W,Home
DAL,2015,114,98,W,Home
POR,2015,98,114,L,Away
DEN,2015,126,133,L,Away
GSW,2015,133,126,W,Home
UTA,2015,91,117,L,Away
HOU,2015,117,91,W,Home
SAC,2015,122,99,W,Away
LAL,2015,99,122,L,Home
IND,2015,83,95,L,Away
MEM,2015,95,83,W,Home
MIL,2015,100,105,L,Home
BOS,2015,105,100,W,Away
MIN,2015,113,138,L,Home
OKC,2015,138,113,W,Away
SAS,2015,103,108,L,Away
DET,2015,112,90,W,Away
NYK,2015,90,112,L,Home
PHI,2015,101,105,L,Home
MIA,2015,105,101,W,Away
CHO,2015,87,92,L,Away
TOR,2015,92,87,W,Home
MIL,2015,91,103,L,Away
CHI,2015,103,91,W,Home
NOP,2015,99,106,L,Away
GSW,2015,106,99,W,Home
DAL,2015,108,118,L,Away
WAS,2015,93,86,W,Away
TOR,2015,86,93,L,Home
ATL,2015,99,92,W,Home
BRK,2015,92,99,L,Away
BOS,2015,100,113,L,Away
CLE,2015,113,100,W,Home
SAS,2015,92,107,L,Away
MEM,2015,100,86,W,Home
POR,2015,86,100,L,Away
CHI,2015,91,82,W,Home
MIL,2015,82,91,L,Away
NOP,2015,87,97,L,Away
GSW,2015,97,87,W,Home
CLE,2015,99,91,W,Home
BOS,2015,91,99,L,Away
DAL,2015,99,111,L,Away
HOU,2015,111,99,W,Home
TOR,2015,106,117,L,Home
WAS,2015,117,106,W,Away
ATL,2015,96,91,W,Home
BRK,2015,91,96,L,Away
LAC,2015,107,111,L,Home
SAS,2015,111,107,W,Away
POR,2015,82,97,L,Away
MEM,2015,97,82,W,Home
BOS,2015,95,103,L,Home
CHI,2015,113,106,W,Away
MIL,2015,106,113,L,Home
GSW,2015,123,119,W,Away
NOP,2015,119,123,L,Home
DAL,2015,128,130,L,Home
HOU,2015,130,128,W,Away
SAS,2015,100,73,W,Home
LAC,2015,73,100,L,Away
WAS,2015,106,99,W,Home
TOR,2015,99,106,L,Away
ATL,2015,83,91,L,Away
BRK,2015,91,83,W,Home
CHI,2015,90,92,L,Away
MIL,2015,92,90,W,Home
GSW,2015,109,98,W,Away
NOP,2015,98,109,L,Home
POR,2015,109,115,L,Home
MEM,2015,115,109,W,Away
CLE,2015,101,93,W,Away
BOS,2015,93,101,L,Home
DAL,2015,121,109,W,Home
HOU,2015,109,121,L,Away
LAC,2015,114,105,W,Away
SAS,2015,105,114,L,Home
WAS,2015,125,94,W,Home
TOR,2015,94,125,L,Away
ATL,2015,115,120,L,Away
BRK,2015,120,115,W,Home
MIL,2015,94,88,W,Away
CHI,2015,88,94,L,Home
POR,2015,99,92,W,Home
MEM,2015,92,99,L,Away
DAL,2015,94,103,L,Away
HOU,2015,103,94,W,Home
ATL,2015,107,97,W,Home
BRK,2015,97,107,L,Away
POR,2015,93,99,L,Away
MIL,2015,66,120,L,Home
CHI,2015,120,66,W,Away
SAS,2015,96,102,L,Home
LAC,2015,102,96,W,Away
ATL,2015,111,87,W,Away
BRK,2015,87,111,L,Home
LAC,2015,111,109,W,Home
SAS,2015,109,111,L,Away
ATL,2015,98,104,L,Home
WAS,2015,104,98,W,Away
MEM,2015,86,101,L,Away
GSW,2015,101,86,W,Home
CHI,2015,99,92,W,Away
CLE,2015,92,99,L,Home
HOU,2015,101,117,L,Home
LAC,2015,117,101,W,Away
WAS,2015,90,106,L,Away
ATL,2015,106,90,W,Home
GSW,2015,90,97,L,Home
CLE,2015,106,91,W,Home
CHI,2015,91,106,L,Away
HOU,2015,115,109,W,Home
LAC,2015,109,115,L,Away
CHI,2015,99,96,W,Home
CLE,2015,96,99,L,Away
LAC,2015,124,99,W,Home
HOU,2015,99,124,L,Away
GSW,2015,89,99,L,Away
MEM,2015,99,89,W,Home
ATL,2015,101,103,L,Away
WAS,2015,103,101,W,Home
CHI,2015,84,86,L,Home
CLE,2015,86,84,W,Away
LAC,2015,128,95,W,Home
HOU,2015,95,128,L,Away
GSW,2015,101,84,W,Away
MEM,2015,84,101,L,Home
ATL,2015,106,101,W,Away
WAS,2015,101,106,L,Home
CLE,2015,106,101,W,Home
LAC,2015,103,124,L,Away
HOU,2015,124,103,W,Home
ATL,2015,82,81,W,Home
WAS,2015,81,82,L,Away
MEM,2015,78,98,L,Away
GSW,2015,98,78,W,Home
CLE,2015,94,73,W,Away
CHI,2015,73,94,L,Home
LAC,2015,107,119,L,Home
HOU,2015,119,107,W,Away
WAS,2015,91,94,L,Home
ATL,2015,94,91,W,Away
MEM,2015,95,108,L,Home
LAC,2015,100,113,L,Away
HOU,2015,113,100,W,Home
ATL,2015,89,97,L,Home
CLE,2015,97,89,W,Away
GSW,2015,99,98,W,Home
HOU,2015,98,99,L,Away
ATL,2015,82,94,L,Home
CLE,2015,94,82,W,Away
GSW,2015,115,80,W,Away
HOU,2015,80,115,L,Home
CLE,2015,114,111,W,Home
ATL,2015,111,114,L,Away
GSW,2015,115,128,L,Away
HOU,2015,128,115,W,Home
CLE,2015,118,88,W,Home
ATL,2015,88,118,L,Away
HOU,2015,90,104,L,Away
GSW,2015,104,90,W,Home
CLE,2015,100,108,L,Away
GSW,2015,108,100,W,Home
CLE,2015,95,93,W,Away
GSW,2015,93,95,L,Home
GSW,2015,91,96,L,Away
CLE,2015,96,91,W,Home
GSW,2015,103,82,W,Away
CLE,2015,82,103,L,Home
GSW,2015,104,91,W,Home
CLE,2015,91,104,L,Away
CLE,2015,97,105,L,Home
GSW,2015,105,97,W,Away
