team_id,year_id,pts,opp_pts,game_result,game_location
HOU,2015,108,90,W,A
LAL,2015,90,108,L,H
NOP,2015,101,84,W,H
ORL,2015,84,101,L,A
SAS,2015,101,100,W,H
DAL,2015,100,101,L,A
BOS,2015,121,105,W,H
BRK,2015,105,121,L,A
MIL,2015,106,108,L,A
CHO,2015,108,106,W,H
DEN,2015,89,79,W,H
DET,2015,79,89,L,A
IND,2015,103,91,W,H
PHI,2015,91,103,L,A
MEM,2015,105,101,W,H
MIN,2015,101,105,L,A
WAS,2015,95,107,L,A
MIA,2015,107,95,W,H
NYK,2015,80,104,L,H
CHI,2015,104,80,W,A
PHO,2015,119,99,W,H
LAL,2015,99,119,L,A
OKC,2015,89,106,L,A
POR,2015,106,89,W,H
GSW,2015,95,77,W,A
SAC,2015,77,95,L,H
TOR,2015,109,102,W,H
ATL,2015,102,109,L,A
UTA,2015,93,104,L,H
HOU,2015,104,93,W,A
CLE,2015,90,95,L,H
NYK,2015,95,90,W,A
UTA,2015,102,120,L,A
DAL,2015,120,102,W,H
OKC,2015,90,93,L,A
LAC,2015,93,90,W,H
DET,2015,91,97,L,A
MIN,2015,97,91,W,H
WAS,2015,105,98,W,A
ORL,2015,98,105,L,H
CHI,2015,108,114,L,H
CLE,2015,114,108,W,A
MEM,2015,97,89,W,A
IND,2015,89,97,L,H
LAC,2015,118,111,W,A
LAL,2015,111,118,L,H
MIL,2015,93,81,W,H
PHI,2015,81,93,L,A
PHO,2015,94,89,W,H
SAS,2015,89,94,L,A
POR,2015,94,103,L,A
SAC,2015,103,94,W,H
IND,2015,92,102,L,A
ATL,2015,102,92,W,H
MEM,2015,71,69,W,A
CHO,2015,69,71,L,H
BRK,2015,102,90,W,A
DET,2015,90,102,L,H
LAL,2015,104,127,L,A
GSW,2015,127,104,W,H
HOU,2015,104,90,W,H
BOS,2015,90,104,L,A
MIN,2015,105,106,L,H
CHI,2015,106,105,W,A
DAL,2015,109,104,W,A
NOP,2015,104,109,L,H
DEN,2015,91,102,L,A
OKC,2015,102,91,W,H
TOR,2015,108,95,W,A
ORL,2015,95,108,L,H
MIA,2015,114,96,W,A
PHI,2015,96,114,L,H
UTA,2015,118,91,W,H
PHO,2015,91,118,L,A
MIL,2015,97,108,L,A
WAS,2015,108,97,W,H
SAC,2015,98,92,W,A
LAC,2015,92,98,L,H
TOR,2015,102,107,L,A
MIA,2015,107,102,W,H
CHO,2015,93,96,L,A
NYK,2015,96,93,W,H
GSW,2015,95,90,W,A
POR,2015,90,95,L,H
BRK,2015,116,85,W,H
OKC,2015,85,116,L,A
DAL,2015,118,113,W,H
BOS,2015,113,118,L,A
SAC,2015,110,105,W,A
DEN,2015,105,110,L,H
LAC,2015,107,101,W,H
UTA,2015,101,107,L,A
NOP,2015,81,93,L,A
MEM,2015,93,81,W,H
HOU,2015,104,93,W,A
PHI,2015,93,104,L,H
ORL,2015,90,98,L,A
CHI,2015,98,90,W,H
MIL,2015,87,81,W,A
IND,2015,81,87,L,H
LAL,2015,106,112,L,H
PHO,2015,112,106,W,A
HOU,2015,108,91,W,A
MIA,2015,91,108,L,H
NOP,2015,100,91,W,H
CHO,2015,91,100,L,A
NYK,2015,83,98,L,H
WAS,2015,98,83,W,A
POR,2015,101,82,W,H
CLE,2015,82,101,L,A
TOR,2015,100,88,W,H
OKC,2015,88,100,L,A
BOS,2015,107,110,L,H
TOR,2015,110,107,W,A
BRK,2015,91,98,L,H
MIN,2015,98,91,W,A
CHO,2015,96,89,W,H
MIA,2015,89,96,L,A
DET,2015,98,95,W,H
NYK,2015,95,98,L,A
GSW,2015,121,104,W,H
LAC,2015,104,121,L,A
MIL,2015,86,95,L,H
CHI,2015,95,86,W,A
ORL,2015,91,89,W,A
PHI,2015,89,91,L,H
MEM,2015,102,91,W,A
PHO,2015,91,102,L,H
SAC,2015,131,109,W,H
DEN,2015,109,131,L,A
ATL,2015,92,94,L,A
SAS,2015,94,92,W,H
CLE,2015,100,102,L,A
UTA,2015,102,100,W,H
WAS,2015,96,94,W,H
IND,2015,94,96,L,A
HOU,2015,98,81,W,H
SAS,2015,81,98,L,A
POR,2015,108,87,W,H
DAL,2015,87,108,L,A
IND,2015,98,101,L,A
BOS,2015,101,98,W,H
BRK,2015,110,99,W,H
NYK,2015,99,110,L,A
ATL,2015,119,122,L,A
CHO,2015,122,119,W,H
DEN,2015,101,110,L,H
CLE,2015,110,101,W,A
DET,2015,98,95,W,H
MIL,2015,95,98,L,A
OKC,2015,89,91,L,H
MEM,2015,91,89,W,A
MIN,2015,103,112,L,A
ORL,2015,112,103,W,H
PHI,2015,115,118,L,H
CHI,2015,118,115,W,A
PHO,2015,112,114,L,H
SAC,2015,114,112,W,A
TOR,2015,103,84,W,H
WAS,2015,84,103,L,A
DAL,2015,105,82,W,A
UTA,2015,82,105,L,H
NYK,2015,96,103,L,A
ATL,2015,103,96,W,H
BOS,2015,106,101,W,A
CHI,2015,101,106,L,H
GSW,2015,98,87,W,A
HOU,2015,87,98,L,H
WAS,2015,97,90,W,A
IND,2015,90,97,L,H
LAC,2015,106,102,W,H
POR,2015,102,106,L,A
MIN,2015,92,102,L,A
MIA,2015,102,92,W,H
MEM,2015,92,93,L,A
MIL,2015,93,92,W,H
NOP,2015,100,99,W,A
SAS,2015,99,100,L,H
BRK,2015,104,96,W,H
ORL,2015,96,104,L,A
DAL,2015,96,105,L,H
MIA,2015,105,96,W,A
DET,2015,96,97,L,H
UTA,2015,97,96,W,A
LAL,2015,107,92,W,H
CHO,2015,92,107,L,A
OKC,2015,101,93,W,H
SAC,2015,93,101,L,A
GSW,2015,95,107,L,A
PHO,2015,107,95,W,H
DEN,2015,100,116,L,A
POR,2015,116,100,W,H
PHI,2015,88,120,L,A
TOR,2015,120,88,W,H
DET,2015,91,102,L,A
CHI,2015,102,91,W,H
NOP,2015,111,118,L,A
CLE,2015,118,111,W,H
IND,2015,97,86,W,H
UTA,2015,86,97,L,A
LAC,2015,85,89,L,H
SAS,2015,89,85,W,A
NYK,2015,85,91,L,H
ATL,2015,91,85,W,A
SAC,2015,98,106,L,A
DAL,2015,106,98,W,H
SAS,2015,113,100,W,A
GSW,2015,100,113,L,H
MEM,2015,107,102,W,H
LAL,2015,102,107,L,A
OKC,2015,78,85,L,A
MIL,2015,85,78,W,H
POR,2015,102,100,W,H
CHO,2015,100,102,L,A
ORL,2015,100,104,L,A
TOR,2015,104,100,W,H
ATL,2015,100,97,W,H
UTA,2015,97,100,L,A
BOS,2015,94,109,L,H
OKC,2015,109,94,W,A
DEN,2015,113,130,L,H
POR,2015,130,113,W,A
MIA,2015,75,81,L,H
IND,2015,81,75,W,A
HOU,2015,113,101,W,N
MIN,2015,101,113,L,N
LAL,2015,102,109,L,A
NOP,2015,109,102,W,H
NYK,2015,95,97,L,H
ORL,2015,97,95,W,A
BRK,2015,104,112,L,A
PHO,2015,112,104,W,H
WAS,2015,107,103,W,H
DET,2015,103,107,L,A
DAL,2015,123,70,W,H
PHI,2015,70,123,L,A
BRK,2015,99,107,L,A
GSW,2015,107,99,W,H
SAC,2015,110,111,L,A
MEM,2015,111,110,W,H
TOR,2015,93,100,L,H
CHI,2015,100,93,W,A
MIA,2015,103,114,L,A
ATL,2015,114,103,W,H
CLE,2015,122,121,W,A
BOS,2015,121,122,L,H
HOU,2015,88,87,W,H
PHI,2015,87,88,L,A
IND,2015,87,108,L,H
DEN,2015,108,87,W,A
SAS,2015,93,80,W,A
LAL,2015,80,93,L,H
MIN,2015,91,139,L,A
NOP,2015,139,91,W,H
NYK,2015,100,102,L,H
UTA,2015,102,100,W,A
DET,2015,96,89,W,A
OKC,2015,89,96,L,H
ORL,2015,101,85,W,H
MIL,2015,85,101,L,A
CHO,2015,103,95,W,A
PHO,2015,95,103,L,H
IND,2015,99,90,W,A
CHI,2015,90,99,L,H
CLE,2015,127,94,W,H
ATL,2015,94,127,L,A
DAL,2015,131,117,W,H
MIN,2015,117,131,L,A
GSW,2015,112,87,W,H
CHO,2015,87,112,L,A
PHO,2015,107,120,L,A
LAC,2015,120,107,W,H
DET,2015,88,95,L,A
MEM,2015,95,88,W,H
BRK,2015,87,97,L,A
POR,2015,97,87,W,H
SAC,2015,94,91,W,H
SAS,2015,91,94,L,A
UTA,2015,93,111,L,A
TOR,2015,111,93,W,H
WAS,2015,98,93,W,H
ORL,2015,93,98,L,A
GSW,2015,136,115,W,A
LAL,2015,115,136,L,H
MIA,2015,84,91,L,H
MIL,2015,91,84,W,A
NYK,2015,109,93,W,H
DEN,2015,93,109,L,A
HOU,2015,69,65,W,A
OKC,2015,65,69,L,H
BOS,2015,114,118,L,H
PHO,2015,118,114,W,A
BRK,2015,83,95,L,H
MIA,2015,95,83,W,A
CHO,2015,80,107,L,H
DAL,2015,107,80,W,A
CLE,2015,97,106,L,H
DEN,2015,106,97,W,A
ORL,2015,107,93,W,A
DET,2015,93,107,L,H
CHI,2015,105,89,W,A
LAC,2015,89,105,L,H
MEM,2015,119,93,W,H
HOU,2015,93,119,L,A
POR,2015,102,93,W,H
NOP,2015,93,102,L,A
PHI,2015,75,100,L,A
SAS,2015,100,75,W,H
ATL,2015,109,114,L,H
LAL,2015,114,109,W,A
MIL,2015,117,113,W,H
NYK,2015,113,117,L,A
NOP,2015,106,100,W,A
SAC,2015,100,106,L,H
UTA,2015,98,81,W,H
OKC,2015,81,98,L,A
MIL,2015,122,118,W,A
BRK,2015,118,122,L,H
SAS,2015,92,90,W,A
CLE,2015,90,92,L,H
DEN,2015,107,100,W,H
OKC,2015,100,107,L,A
DET,2015,86,88,L,H
PHO,2015,88,86,W,A
HOU,2015,92,98,L,H
LAL,2015,98,92,W,A
CHO,2015,86,88,L,A
IND,2015,88,86,W,H
MIN,2015,115,99,W,H
NYK,2015,99,115,L,A
ORL,2015,90,114,L,H
LAC,2015,114,90,W,A
PHI,2015,90,101,L,H
BOS,2015,101,90,W,A
TOR,2015,96,92,W,H
MEM,2015,92,96,L,A
DAL,2015,105,102,W,A
WAS,2015,102,105,L,H
MIA,2015,93,110,L,H
LAC,2015,110,93,W,A
CHI,2015,88,103,L,A
SAC,2015,103,88,W,H
DET,2015,89,99,L,A
ATL,2015,99,89,W,H
CHO,2015,100,105,L,H
ORL,2015,105,100,W,A
DAL,2015,140,106,W,H
LAL,2015,106,140,L,A
DEN,2015,117,97,W,H
NOP,2015,97,117,L,A
UTA,2015,88,101,L,A
GSW,2015,101,88,W,H
BOS,2015,100,117,L,A
MEM,2015,117,100,W,H
MIN,2015,92,121,L,H
SAS,2015,121,92,W,A
BRK,2015,94,92,W,A
OKC,2015,92,94,L,H
PHO,2015,122,96,W,A
PHI,2015,96,122,L,H
POR,2015,105,87,W,H
CHI,2015,87,105,L,A
MIL,2015,82,124,L,A
TOR,2015,124,82,W,H
CLE,2015,78,91,L,A
WAS,2015,91,78,W,H
CLE,2015,93,110,L,H
TOR,2015,110,93,W,A
DAL,2015,92,95,L,A
HOU,2015,95,92,W,H
PHO,2015,106,83,W,A
IND,2015,83,106,L,H
MIL,2015,100,111,L,H
WAS,2015,111,100,W,A
MIN,2015,101,113,L,H
SAC,2015,113,101,W,A
NYK,2015,91,83,W,H
PHI,2015,83,91,L,A
ORL,2015,92,99,L,H
MIA,2015,99,92,W,A
SAS,2015,99,87,W,H
BRK,2015,87,99,L,A
UTA,2015,94,106,L,H
NOP,2015,106,94,W,A
BOS,2015,88,94,L,H
POR,2015,94,88,W,A
DEN,2015,101,94,W,A
LAL,2015,94,101,L,H
LAC,2015,91,107,L,A
MEM,2015,107,91,W,H
MIA,2015,94,93,W,H
CHO,2015,93,94,L,A
OKC,2015,86,91,L,H
GSW,2015,91,86,W,A
CHO,2015,92,113,L,H
LAC,2015,113,92,W,A
CLE,2015,106,74,W,H
ORL,2015,74,106,L,A
IND,2015,111,100,W,A
DAL,2015,100,111,L,H
HOU,2015,91,86,W,H
NYK,2015,86,91,L,A
PHI,2015,104,114,L,H
POR,2015,114,104,W,A
TOR,2015,104,100,W,H
PHO,2015,100,104,L,A
UTA,2015,95,97,L,H
CHI,2015,97,95,W,A
DEN,2015,114,109,W,H
CHI,2015,109,114,L,A
GSW,2015,114,97,W,A
MIA,2015,97,114,L,H
MIL,2015,98,86,W,H
DET,2015,86,98,L,A
NOP,2015,89,99,L,H
SAC,2015,99,89,W,A
ATL,2015,106,102,W,A
WAS,2015,102,106,L,H
ATL,2015,115,126,L,H
TOR,2015,126,115,W,A
CHO,2015,97,105,L,H
POR,2015,105,97,W,A
WAS,2015,87,113,L,A
CLE,2015,113,87,W,H
DAL,2015,109,102,W,H
NYK,2015,102,109,L,A
DET,2015,98,104,L,H
LAC,2015,104,98,W,A
SAC,2015,89,102,L,A
HOU,2015,102,89,W,H
MEM,2015,99,93,W,A
LAL,2015,93,99,L,H
MIL,2015,103,86,W,A
MIN,2015,86,103,L,H
OKC,2015,97,82,W,H
UTA,2015,82,97,L,A
ORL,2015,96,111,L,H
GSW,2015,111,96,W,A
PHI,2015,91,99,L,H
BRK,2015,99,91,W,A
DEN,2015,112,120,L,A
PHO,2015,120,112,W,H
IND,2015,100,106,L,A
SAS,2015,106,100,W,H
ATL,2015,100,91,W,H
NOP,2015,91,100,L,A
BOS,2015,102,109,L,H
CHI,2015,109,102,W,A
GSW,2015,106,101,W,A
CHO,2015,101,106,L,H
DEN,2015,122,97,W,H
PHO,2015,97,122,L,A
DET,2015,88,104,L,H
MIL,2015,104,88,W,A
LAC,2015,102,85,W,A
HOU,2015,85,102,L,H
IND,2015,98,83,W,H
ORL,2015,83,98,L,A
MIN,2015,120,119,W,A
LAL,2015,119,120,L,H
OKC,2015,105,78,W,H
NYK,2015,78,105,L,A
MEM,2015,112,99,W,A
POR,2015,99,112,L,H
SAC,2015,104,112,L,A
SAS,2015,112,104,W,H
DAL,2015,106,102,W,A
TOR,2015,102,106,L,H
ATL,2015,105,75,W,H
CHO,2015,75,105,L,A
CLE,2015,109,97,W,H
IND,2015,97,109,L,A
MIL,2015,103,117,L,H
HOU,2015,117,103,W,A
DAL,2015,110,103,W,A
PHI,2015,103,110,L,H
UTA,2015,96,112,L,H
LAC,2015,112,96,W,A
NOP,2015,80,83,L,A
WAS,2015,83,80,W,H
BOS,2015,89,111,L,H
SAS,2015,111,89,W,A
BRK,2015,84,102,L,H
CHI,2015,102,84,W,A
GSW,2015,104,93,W,A
DET,2015,93,104,L,H
TOR,2015,122,129,L,A
LAL,2015,129,122,W,H
MIA,2015,86,79,W,A
NYK,2015,79,86,L,H
PHO,2015,90,93,L,H
ORL,2015,93,90,W,A
MIN,2015,93,107,L,A
POR,2015,107,93,W,H
MEM,2015,97,85,W,A
SAC,2015,85,97,L,H
LAC,2015,127,101,W,H
MIN,2015,101,127,L,A
PHI,2015,103,109,L,H
SAS,2015,109,103,W,A
UTA,2015,101,103,L,H
DEN,2015,103,101,W,A
WAS,2015,107,86,W,H
MIA,2015,86,107,L,A
BOS,2015,105,109,L,A
ATL,2015,109,105,W,H
DAL,2015,132,129,W,A
CHI,2015,129,132,L,H
MIL,2015,108,111,L,A
CLE,2015,111,108,W,H
POR,2015,105,103,W,A
DEN,2015,103,105,L,H
LAL,2015,106,96,W,A
DET,2015,96,106,L,H
ORL,2015,97,98,L,A
GSW,2015,98,97,W,H
NOP,2015,112,104,W,H
OKC,2015,104,112,L,A
NYK,2015,93,98,L,H
BRK,2015,98,93,W,A
IND,2015,99,116,L,A
PHO,2015,116,99,W,H
SAC,2015,109,117,L,H
TOR,2015,117,109,W,A
BOS,2015,109,102,W,H
DET,2015,102,109,L,A
SAS,2015,93,95,L,A
BRK,2015,95,93,W,H
CHO,2015,95,102,L,H
CHI,2015,102,95,W,A
HOU,2015,105,96,W,H
MEM,2015,96,105,L,A
LAC,2015,114,86,W,H
ORL,2015,86,114,L,A
ATL,2015,112,102,W,A
MIA,2015,102,112,L,H
DAL,2015,107,105,W,A
MIL,2015,105,107,L,H
MIN,2015,77,85,L,H
PHI,2015,85,77,W,A
UTA,2015,104,123,L,H
TOR,2015,123,104,W,A
WAS,2015,111,95,W,H
LAL,2015,95,111,L,A
GSW,2015,112,85,W,H
NOP,2015,85,112,L,A
NYK,2015,87,90,L,H
CLE,2015,90,87,W,A
POR,2015,88,82,W,H
IND,2015,82,88,L,A
LAL,2015,96,113,L,A
BOS,2015,113,96,W,H
ATL,2015,98,75,W,A
BRK,2015,75,98,L,H
NYK,2015,102,103,L,A
CHO,2015,103,102,W,H
PHO,2015,118,106,W,A
DAL,2015,106,118,L,H
MEM,2015,101,107,L,H
SAS,2015,107,101,W,A
MIL,2015,109,85,W,H
MIA,2015,85,109,L,A
HOU,2015,114,112,W,A
MIN,2015,112,114,L,H
OKC,2015,103,91,W,A
PHI,2015,91,103,L,H
IND,2015,101,102,L,A
SAC,2015,102,101,W,H
TOR,2015,91,105,L,H
CLE,2015,105,91,W,A
ORL,2015,98,93,W,A
UTA,2015,93,98,L,H
WAS,2015,119,89,W,H
DEN,2015,89,119,L,A
GSW,2015,112,102,W,A
CHI,2015,102,112,L,H
DET,2015,101,108,L,H
PHI,2015,108,101,W,A
HOU,2015,100,95,W,H
PHO,2015,95,100,L,A
NOP,2015,100,120,L,A
LAC,2015,120,100,W,H
SAC,2015,96,105,L,H
ORL,2015,105,96,W,A
SAS,2015,123,101,W,H
MIN,2015,101,123,L,A
ATL,2015,96,84,W,H
DEN,2015,84,96,L,A
WAS,2015,93,101,L,A
BOS,2015,101,93,W,H
MIL,2015,102,125,L,A
DAL,2015,125,102,W,H
DET,2015,94,96,L,H
OKC,2015,96,94,W,A
NOP,2015,104,87,W,A
LAL,2015,87,104,L,H
MEM,2015,103,87,W,H
MIA,2015,87,103,L,A
NYK,2015,99,103,L,H
POR,2015,103,99,W,A
CLE,2015,110,88,W,A
BRK,2015,88,110,L,H
IND,2015,92,108,L,H
ATL,2015,108,92,W,A
PHO,2015,120,121,L,A
LAC,2015,121,120,W,H
GSW,2015,102,86,W,A
MIN,2015,86,102,L,H
SAC,2015,101,92,W,H
UTA,2015,92,101,L,A
DEN,2015,107,112,L,A
TOR,2015,112,107,W,H
WAS,2015,133,132,W,H
BOS,2015,132,133,L,A
CLE,2015,105,101,W,H
TOR,2015,101,105,L,A
DET,2015,86,98,L,H
POR,2015,98,86,W,A
LAL,2015,98,95,W,H
SAC,2015,95,98,L,A
MEM,2015,114,105,W,H
DAL,2015,105,114,L,A
NYK,2015,93,104,L,A
NOP,2015,104,93,W,H
MIL,2015,101,114,L,A
OKC,2015,114,101,W,H
MIA,2015,103,97,W,A
PHO,2015,97,103,L,H
UTA,2015,100,96,W,H
SAS,2015,96,100,L,A
ATL,2015,95,79,W,H
PHI,2015,79,95,L,A
CHI,2015,105,80,W,H
BRK,2015,80,105,L,A
BOS,2015,87,96,L,A
CHO,2015,96,87,W,H
DAL,2015,112,107,W,H
NOP,2015,107,112,L,A
MIA,2015,82,102,L,A
DEN,2015,102,82,W,H
GSW,2015,105,93,W,H
HOU,2015,93,105,L,A
IND,2015,96,103,L,H
LAC,2015,103,96,W,A
MIN,2015,90,82,W,H
POR,2015,82,90,L,A
WAS,2015,91,89,W,A
ORL,2015,89,91,L,H
SAS,2015,109,95,W,H
NYK,2015,95,109,L,A
OKC,2015,103,94,W,H
CLE,2015,94,103,L,A
HOU,2015,113,109,W,A
SAC,2015,109,113,L,H
ATL,2015,87,81,W,H
ORL,2015,81,87,L,A
BOS,2015,95,101,L,H
NYK,2015,101,95,W,A
BRK,2015,88,70,W,H
PHI,2015,70,88,L,A
POR,2015,106,115,L,A
CHI,2015,115,106,W,H
MEM,2015,113,107,W,H
CHO,2015,107,113,L,A
OKC,2015,111,92,W,A
MIN,2015,92,111,L,H
NOP,2015,119,114,W,H
CLE,2015,114,119,L,A
DET,2015,105,103,W,A
PHO,2015,103,105,L,H
LAL,2015,112,110,W,A
SAS,2015,110,112,L,H
TOR,2015,106,94,W,H
IND,2015,94,106,L,A
UTA,2015,95,100,L,H
MIA,2015,100,95,W,A
LAC,2015,96,104,L,A
WAS,2015,104,96,W,H
CHO,2015,87,114,L,H
BRK,2015,114,87,W,A
GSW,2015,105,98,W,A
DAL,2015,98,105,L,H
HOU,2015,108,96,W,H
DEN,2015,96,108,L,A
IND,2015,85,95,L,H
POR,2015,95,85,W,A
MIL,2015,111,106,W,H
LAC,2015,106,111,L,A
ATL,2015,99,100,L,A
ORL,2015,100,99,W,H
PHI,2015,115,120,L,H
MEM,2015,120,115,W,A
SAC,2015,90,95,L,H
DET,2015,95,90,W,A
DEN,2015,91,99,L,H
SAS,2015,99,91,W,A
MIA,2015,75,93,L,H
CHI,2015,93,75,W,A
MIN,2015,94,100,L,H
LAL,2015,100,94,W,A
NOP,2015,122,128,L,H
GSW,2015,128,122,W,A
TOR,2015,95,90,W,A
NYK,2015,90,95,L,H
OKC,2015,112,88,W,H
PHO,2015,88,112,L,A
WAS,2015,93,84,W,H
UTA,2015,84,93,L,A
ATL,2015,93,86,W,H
CHI,2015,86,93,L,A
CHO,2015,88,97,L,A
CLE,2015,97,88,W,H
LAL,2015,91,110,L,A
IND,2015,110,91,W,H
DET,2015,91,113,L,A
LAC,2015,113,91,W,H
PHI,2015,87,105,L,H
BOS,2015,105,87,W,A
MIL,2015,96,94,W,A
PHO,2015,94,96,L,H
SAS,2015,95,108,L,A
POR,2015,108,95,W,H
ORL,2015,82,95,L,A
TOR,2015,95,82,W,H
MIA,2015,95,91,W,A
BRK,2015,91,95,L,H
GSW,2015,98,105,L,A
MEM,2015,105,98,W,H
NOP,2015,119,111,W,H
UTA,2015,111,119,L,A
NYK,2015,87,107,L,H
DAL,2015,107,87,W,A
SAC,2015,92,104,L,H
OKC,2015,104,92,W,A
MIN,2015,95,109,L,A
WAS,2015,109,95,W,H
BOS,2015,109,92,W,H
ORL,2015,92,109,L,A
PHO,2015,111,106,W,A
CHO,2015,106,111,L,H
CLE,2015,98,127,L,H
ATL,2015,127,98,W,A
DEN,2015,111,115,L,H
HOU,2015,115,111,W,A
DET,2015,106,117,L,H
DAL,2015,117,106,W,A
IND,2015,100,102,L,A
LAC,2015,102,100,W,H
UTA,2015,105,87,W,A
MIA,2015,87,105,L,H
MIL,2015,97,104,L,A
POR,2015,104,97,W,H
MEM,2015,117,116,W,A
SAS,2015,116,117,L,H
TOR,2015,105,89,W,H
BRK,2015,89,105,L,A
NYK,2015,97,103,L,A
CHI,2015,103,97,W,H
GSW,2015,114,109,W,H
OKC,2015,109,114,L,A
NOP,2015,99,90,W,A
HOU,2015,90,99,L,H
MIL,2015,108,107,W,A
SAC,2015,107,108,L,H
MIN,2015,98,114,L,A
BOS,2015,114,98,W,H
BRK,2015,91,95,L,A
CLE,2015,95,91,W,H
DEN,2015,109,106,W,H
LAC,2015,106,109,L,A
TOR,2015,110,100,W,A
DET,2015,100,110,L,H
OKC,2015,104,103,W,A
LAL,2015,103,104,L,H
CHI,2015,103,97,W,A
MEM,2015,97,103,L,H
WAS,2015,105,103,W,A
MIA,2015,103,105,L,H
ORL,2015,94,101,L,H
UTA,2015,101,94,W,A
CHO,2015,109,91,W,A
PHI,2015,91,109,L,H
POR,2015,129,119,W,A
SAS,2015,119,129,L,H
CHO,2015,104,86,W,H
UTA,2015,86,104,L,A
DAL,2015,99,93,W,H
SAS,2015,93,99,L,A
DEN,2015,76,73,W,H
IND,2015,73,76,L,A
ATL,2015,104,97,W,A
HOU,2015,97,104,L,H
MIL,2015,102,106,L,A
LAC,2015,106,102,W,H
POR,2015,114,88,W,A
NOP,2015,88,114,L,H
PHO,2015,99,90,W,A
NYK,2015,90,99,L,H
BRK,2015,110,105,W,H
DET,2015,105,110,L,A
CLE,2015,105,91,W,H
MEM,2015,91,105,L,A
MIA,2015,100,84,W,H
BOS,2015,84,100,L,A
IND,2015,100,96,W,A
MIN,2015,96,100,L,H
OKC,2015,99,101,L,H
NOP,2015,101,99,W,A
PHI,2015,96,88,W,A
ORL,2015,88,96,L,H
SAC,2015,108,101,W,H
LAL,2015,101,108,L,A
NYK,2015,108,118,L,A
TOR,2015,118,108,W,H
PHO,2015,104,92,W,A
WAS,2015,92,104,L,H
TOR,2015,120,129,L,A
CHI,2015,129,120,W,H
DEN,2015,82,110,L,A
CHO,2015,110,82,W,H
ATL,2015,105,102,W,A
DAL,2015,102,105,L,H
GSW,2015,128,108,W,H
SAC,2015,108,128,L,A
POR,2015,95,110,L,A
HOU,2015,110,95,W,H
UTA,2015,97,91,W,A
MEM,2015,91,97,L,H
SAS,2015,125,118,W,H
LAC,2015,118,125,L,A
LAC,2015,104,107,L,A
ATL,2015,107,104,W,H
DEN,2015,96,102,L,A
BRK,2015,102,96,W,H
CLE,2015,125,104,W,H
MIN,2015,104,125,L,A
NOP,2015,84,96,L,A
IND,2015,96,84,W,H
LAL,2015,115,105,W,H
GSW,2015,105,115,L,A
PHI,2015,91,87,W,A
MIA,2015,87,91,L,H
MIL,2015,101,108,L,H
CHO,2015,108,101,W,A
OKC,2015,111,115,L,H
POR,2015,115,111,W,A
BOS,2015,95,100,L,A
ORL,2015,100,95,W,H
PHO,2015,124,115,W,H
DAL,2015,115,124,L,A
CHI,2015,99,91,W,A
WAS,2015,91,99,L,H
CHI,2015,113,93,W,H
LAL,2015,93,113,L,A
GSW,2015,86,100,L,A
LAC,2015,100,86,W,H
MIA,2015,101,91,W,H
CLE,2015,91,101,L,A
NYK,2015,91,102,L,H
WAS,2015,102,91,W,A
OKC,2015,114,106,W,A
SAS,2015,106,114,L,H
MIL,2015,107,77,W,A
ATL,2015,77,107,L,H
BRK,2015,109,107,W,A
BOS,2015,107,109,L,H
LAL,2015,98,102,L,A
DAL,2015,102,98,W,H
MIN,2015,102,106,L,A
DEN,2015,106,102,W,H
IND,2015,109,119,L,A
DET,2015,119,109,W,H
MEM,2015,111,117,L,H
HOU,2015,117,111,W,A
NOP,2015,97,90,W,H
SAS,2015,90,97,L,A
OKC,2015,98,75,W,H
CHO,2015,75,98,L,A
CLE,2015,98,89,W,A
ORL,2015,89,98,L,H
PHI,2015,93,114,L,A
POR,2015,114,93,W,H
PHO,2015,115,106,W,A
SAC,2015,106,115,L,H
IND,2015,110,85,W,A
BRK,2015,85,110,L,H
CHI,2015,107,100,W,H
NOP,2015,100,107,L,A
CHO,2015,94,102,L,H
ORL,2015,102,94,W,A
MIN,2015,97,110,L,A
GSW,2015,110,97,W,H
TOR,2015,110,98,W,A
LAC,2015,98,110,L,H
MIA,2015,95,103,L,H
MEM,2015,103,95,W,A
MIL,2015,85,90,L,H
ATL,2015,90,85,W,A
SAC,2015,135,129,W,H
NYK,2015,129,135,L,A
PHI,2015,71,88,L,A
UTA,2015,88,71,W,H
WAS,2015,101,88,W,H
BOS,2015,88,101,L,A
DET,2015,103,80,W,A
CLE,2015,80,103,L,H
DAL,2015,112,107,W,H
OKC,2015,107,112,L,A
TOR,2015,116,102,W,A
DEN,2015,102,116,L,H
PHO,2015,116,107,W,A
LAL,2015,107,116,L,H
NYK,2015,79,101,L,A
POR,2015,101,79,W,H
HOU,2015,106,110,L,A
SAS,2015,110,106,W,H
BRK,2015,107,99,W,H
SAC,2015,99,107,L,A
MIL,2015,104,94,W,A
CHO,2015,94,104,L,H
HOU,2015,103,104,L,H
WAS,2015,104,103,W,A
CHI,2015,92,90,W,A
IND,2015,90,92,L,H
LAC,2015,101,97,W,H
UTA,2015,97,101,L,A
ORL,2015,102,101,W,A
MIA,2015,101,102,L,H
CLE,2015,101,109,L,A
ATL,2015,109,101,W,H
BRK,2015,96,82,W,A
CHI,2015,82,96,L,H
WAS,2015,87,114,L,A
DAL,2015,114,87,W,H
DEN,2015,103,111,L,H
LAL,2015,111,103,W,A
GSW,2015,126,86,W,H
PHI,2015,86,126,L,A
SAS,2015,87,95,L,A
MEM,2015,95,87,W,H
PHO,2015,106,110,L,A
NOP,2015,110,106,W,H
ORL,2015,86,109,L,H
DET,2015,109,86,W,A
POR,2015,102,97,W,H
TOR,2015,97,102,L,A
MIN,2015,94,100,L,A
UTA,2015,100,94,W,H
SAC,2015,84,106,L,A
BOS,2015,106,84,W,H
MIL,2015,96,80,W,A
CLE,2015,80,96,L,H
CHO,2015,83,102,L,A
HOU,2015,102,83,W,H
IND,2015,106,95,W,H
MIA,2015,95,106,L,A
LAC,2015,99,78,W,H
NYK,2015,78,99,L,A
PHO,2015,134,137,L,A
OKC,2015,137,134,W,H
NOP,2015,93,95,L,A
SAS,2015,95,93,W,H
CHI,2015,106,101,W,H
DEN,2015,101,106,L,A
SAC,2015,110,107,W,A
MIN,2015,107,110,L,H
BOS,2015,101,119,L,H
DAL,2015,119,101,W,A
CLE,2015,91,87,W,A
CHO,2015,87,91,L,H
TOR,2015,105,126,L,A
GSW,2015,126,105,W,H
LAL,2015,106,109,L,H
MEM,2015,109,106,W,A
IND,2015,94,91,W,A
MIL,2015,91,94,L,H
HOU,2015,83,111,L,A
NOP,2015,111,83,W,H
DET,2015,97,81,W,A
NYK,2015,81,97,L,H
WAS,2015,102,109,L,A
OKC,2015,109,102,W,H
ORL,2015,98,100,L,H
BRK,2015,100,98,W,A
PHI,2015,96,112,L,A
PHO,2015,112,96,W,H
ATL,2015,98,92,W,A
UTA,2015,92,98,L,H
CHI,2015,109,104,W,H
BOS,2015,104,109,L,A
MEM,2015,85,114,L,A
DEN,2015,114,85,W,H
HOU,2015,115,79,W,H
MIA,2015,79,115,L,A
LAC,2015,127,91,W,H
PHI,2015,91,127,L,A
MIN,2015,89,101,L,H
UTA,2015,101,89,W,A
CHO,2015,98,90,W,A
ORL,2015,90,98,L,H
POR,2015,107,115,L,H
ATL,2015,115,107,W,A
WAS,2015,92,101,L,A
SAS,2015,101,92,W,H
CLE,2015,90,109,L,H
DAL,2015,109,90,W,A
SAC,2015,95,114,L,A
DET,2015,114,95,W,H
IND,2015,87,88,L,A
LAL,2015,88,87,W,H
BRK,2015,84,88,L,A
MIA,2015,88,84,W,H
NYK,2015,82,95,L,H
MIL,2015,95,82,W,A
TOR,2015,109,125,L,A
PHO,2015,125,109,W,H
CHO,2015,104,95,W,A
BOS,2015,95,104,L,H
DAL,2015,96,88,W,A
BRK,2015,88,96,L,H
CHI,2015,114,105,W,H
HOU,2015,105,114,L,A
GSW,2015,117,91,W,H
OKC,2015,91,117,L,A
LAC,2015,98,107,L,H
ATL,2015,107,98,W,A
NYK,2015,83,105,L,A
MEM,2015,105,83,W,H
DEN,2015,110,101,W,A
MIN,2015,101,110,L,H
WAS,2015,92,85,W,A
NOP,2015,85,92,L,H
PHI,2015,95,92,W,H
CLE,2015,92,95,L,A
POR,2015,98,94,W,H
LAL,2015,94,98,L,A
UTA,2015,101,105,L,H
IND,2015,105,101,W,A
PHO,2015,102,96,W,A
MIL,2015,96,102,L,H
SAS,2015,104,105,L,H
DET,2015,105,104,W,A
ATL,2015,96,86,W,H
MEM,2015,86,96,L,A
BRK,2015,81,89,L,H
BOS,2015,89,81,W,A
UTA,2015,97,77,W,A
CHI,2015,77,97,L,H
CHO,2015,98,94,W,H
NOP,2015,94,98,L,A
HOU,2015,105,93,W,A
CLE,2015,93,105,L,H
DET,2015,108,95,W,A
DAL,2015,95,108,L,H
DEN,2015,93,90,W,H
ORL,2015,90,93,L,A
GSW,2015,117,102,W,H
IND,2015,102,117,L,A
LAL,2015,89,114,L,A
LAC,2015,114,89,W,H
MIN,2015,111,113,L,H
PHO,2015,113,111,W,A
PHI,2015,77,97,L,H
MIL,2015,97,77,W,A
OKC,2015,83,104,L,A
SAC,2015,104,83,W,H
NYK,2015,91,101,L,A
WAS,2015,101,91,W,H
HOU,2015,120,96,W,A
NYK,2015,96,120,L,H
MIA,2015,83,99,L,A
POR,2015,99,83,W,H
TOR,2015,95,103,L,H
CHO,2015,103,95,W,A
PHI,2015,90,88,W,A
BRK,2015,88,90,L,H
ATL,2015,106,103,W,A
DET,2015,103,106,L,H
CLE,2015,94,112,L,A
GSW,2015,112,94,W,H
IND,2015,107,103,W,H
BOS,2015,103,107,L,A
LAL,2015,101,84,W,H
ORL,2015,84,101,L,A
MIL,2015,98,84,W,H
MIN,2015,84,98,L,A
NOP,2015,106,95,W,H
MEM,2015,95,106,L,A
OKC,2015,99,94,W,H
UTA,2015,94,99,L,A
DEN,2015,118,108,W,A
SAC,2015,108,118,L,H
PHO,2015,95,100,L,A
SAS,2015,100,95,W,H
CHI,2015,86,102,L,A
WAS,2015,102,86,W,H
MIL,2015,87,95,L,A
CHI,2015,95,87,W,H
DET,2015,98,93,W,H
BRK,2015,93,98,L,A
UTA,2015,82,97,L,A
HOU,2015,97,82,W,H
LAC,2015,120,100,W,H
DAL,2015,100,120,L,A
SAS,2015,108,93,W,A
MIN,2015,93,108,L,H
NYK,2015,82,110,L,H
CHO,2015,110,82,W,A
IND,2015,92,93,L,A
PHI,2015,93,92,W,H
ORL,2015,92,103,L,A
POR,2015,103,92,W,H
BOS,2015,96,109,L,A
TOR,2015,109,96,W,H
ATL,2015,120,89,W,H
WAS,2015,89,120,L,A
MIA,2015,104,90,W,A
LAC,2015,90,104,L,H
LAL,2015,94,106,L,H
POR,2015,106,94,W,A
PHO,2015,110,122,L,A
MEM,2015,122,110,W,H
SAC,2015,103,84,W,H
CLE,2015,84,103,L,A
BOS,2015,108,100,W,H
NOP,2015,100,108,L,A
BRK,2015,99,113,L,H
HOU,2015,113,99,W,A
CHI,2015,114,121,L,H
ORL,2015,121,114,W,A
DET,2015,114,111,W,A
TOR,2015,111,114,L,H
MIN,2015,110,101,W,A
IND,2015,101,110,L,H
LAL,2015,75,78,L,H
MIA,2015,78,75,W,A
PHI,2015,87,105,L,H
ATL,2015,105,87,W,A
CLE,2015,100,107,L,A
PHO,2015,107,100,W,H
DAL,2015,108,104,W,A
SAC,2015,104,108,L,H
GSW,2015,116,105,W,A
UTA,2015,105,116,L,H
SAS,2015,93,101,L,A
WAS,2015,101,93,W,H
BOS,2015,91,105,L,H
ATL,2015,105,91,W,A
MEM,2015,103,92,W,A
BRK,2015,92,103,L,H
CHI,2015,99,105,L,H
WAS,2015,105,99,W,A
CHO,2015,93,98,L,H
SAS,2015,98,93,W,A
DEN,2015,114,107,W,H
DAL,2015,107,114,L,A
DET,2015,94,105,L,H
NOP,2015,105,94,W,A
GSW,2015,104,89,W,H
MIA,2015,89,104,L,A
HOU,2015,113,120,L,A
ORL,2015,120,113,W,H
LAC,2015,100,94,W,A
POR,2015,94,100,L,H
PHI,2015,84,100,L,A
TOR,2015,100,84,W,H
HOU,2015,112,101,W,H
OKC,2015,101,112,L,A
CLE,2015,109,102,W,A
LAL,2015,102,109,L,H
MIL,2015,95,79,W,N
NYK,2015,79,95,L,N
BOS,2015,103,119,L,H
CHI,2015,119,103,W,A
DAL,2015,97,89,W,H
DEN,2015,89,97,L,A
DET,2015,98,96,W,A
IND,2015,96,98,L,H
LAC,2015,121,126,L,H
CLE,2015,126,121,W,A
OKC,2015,127,115,W,H
GSW,2015,115,127,L,A
ORL,2015,96,106,L,H
MEM,2015,106,96,W,A
NOP,2015,81,96,L,A
PHI,2015,96,81,W,H
MIN,2015,99,110,L,A
PHO,2015,110,99,W,H
MIA,2015,95,83,W,A
SAC,2015,83,95,L,H
SAS,2015,110,96,W,H
POR,2015,96,110,L,A
TOR,2015,89,110,L,H
ATL,2015,110,89,W,A
LAL,2015,85,94,L,A
UTA,2015,94,85,W,H
WAS,2015,80,102,L,H
BRK,2015,102,80,W,A
BRK,2015,90,99,L,H
WAS,2015,99,90,W,A
CHI,2015,99,107,L,H
ATL,2015,107,99,W,A
CHO,2015,80,71,W,H
IND,2015,71,80,L,A
MIN,2015,113,105,W,A
DEN,2015,105,113,L,H
PHI,2015,89,107,L,A
DET,2015,107,89,W,H
GSW,2015,131,106,W,A
HOU,2015,106,131,L,H
POR,2015,98,102,L,A
MEM,2015,102,98,W,H
SAC,2015,108,117,L,H
LAC,2015,117,108,W,A
ORL,2015,99,127,L,H
OKC,2015,127,99,W,A
UTA,2015,69,89,L,A
SAS,2015,89,69,W,H
TOR,2015,93,95,L,H
NOP,2015,95,93,W,A
DET,2015,82,93,L,A
ATL,2015,93,82,W,H
MIN,2015,80,105,L,A
CHO,2015,105,80,W,H
CHI,2015,94,108,L,A
CLE,2015,108,94,W,H
DEN,2015,79,122,L,A
GSW,2015,122,79,W,H
IND,2015,98,110,L,A
HOU,2015,110,98,W,H
BOS,2015,93,102,L,A
LAC,2015,102,93,W,H
DAL,2015,103,95,W,A
MEM,2015,95,103,L,H
TOR,2015,92,89,W,A
MIL,2015,89,92,L,H
NYK,2015,99,92,W,H
NOP,2015,92,99,L,A
PHO,2015,115,100,W,H
LAL,2015,100,115,L,A
SAC,2015,94,98,L,A
POR,2015,98,94,W,H
WAS,2015,111,76,W,H
PHI,2015,76,111,L,A
SAS,2015,109,99,W,A
DEN,2015,99,109,L,H
OKC,2015,94,86,W,A
MIA,2015,86,94,L,H
IND,2015,91,110,L,A
ATL,2015,110,91,W,H
MIA,2015,76,78,L,A
CHO,2015,78,76,W,H
UTA,2015,92,106,L,A
CLE,2015,106,92,W,H
ORL,2015,118,128,L,A
DET,2015,128,118,W,H
GSW,2015,126,113,W,H
HOU,2015,113,126,L,A
MEM,2015,92,86,W,H
TOR,2015,86,92,L,A
MIN,2015,75,98,L,H
DAL,2015,98,75,W,A
NOP,2015,96,80,W,H
LAL,2015,80,96,L,A
PHI,2015,91,98,L,H
NYK,2015,98,91,W,A
POR,2015,113,118,L,A
PHO,2015,118,113,W,H
BRK,2015,103,100,W,A
SAC,2015,100,103,L,H
OKC,2015,105,103,W,A
WAS,2015,103,105,L,H
SAS,2015,81,104,L,A
CHI,2015,104,81,W,H
BRK,2015,84,123,L,A
LAC,2015,123,84,W,H
MIL,2015,99,101,L,H
UTA,2015,101,99,W,A
BOS,2015,90,89,W,A
POR,2015,89,90,L,H
ATL,2015,103,93,W,H
OKC,2015,93,103,L,A
CLE,2015,129,90,W,H
CHO,2015,90,129,L,A
CHI,2015,102,98,W,A
DAL,2015,98,102,L,H
BOS,2015,100,99,W,A
DEN,2015,99,100,L,H
SAC,2015,101,126,L,A
GSW,2015,126,101,W,H
IND,2015,87,89,L,A
MIA,2015,89,87,W,H
MIN,2015,84,92,L,H
NOP,2015,92,84,W,A
NYK,2015,113,106,W,H
ORL,2015,106,113,L,A
TOR,2015,91,86,W,A
PHI,2015,86,91,L,H
PHO,2015,111,113,L,H
HOU,2015,113,111,W,A
LAL,2015,85,99,L,A
SAS,2015,99,85,W,H
NYK,2015,71,76,L,A
CHO,2015,76,71,W,H
MEM,2015,101,83,W,H
PHI,2015,83,101,L,A
DET,2015,86,101,L,A
MIL,2015,101,86,W,H
POR,2015,103,96,W,H
WAS,2015,96,103,L,A
UTA,2015,108,73,W,H
BRK,2015,73,108,L,A
ATL,2015,112,100,W,H
MIN,2015,100,112,L,A
CHI,2015,84,96,L,H
MIA,2015,96,84,W,A
OKC,2015,98,108,L,A
CLE,2015,108,98,W,H
DEN,2015,115,117,L,H
WAS,2015,117,115,W,A
GSW,2015,114,111,W,H
BOS,2015,111,114,L,A
HOU,2015,99,87,W,A
LAL,2015,87,99,L,H
NOP,2015,109,106,W,H
DAL,2015,106,109,L,A
IND,2015,106,99,W,A
ORL,2015,99,106,L,H
PHO,2015,100,120,L,H
LAC,2015,120,100,W,A
MIL,2015,95,101,L,A
SAS,2015,101,95,W,H
DET,2015,110,114,L,A
TOR,2015,114,110,W,H
LAC,2015,102,98,W,H
DEN,2015,98,102,L,A
MEM,2015,103,94,W,H
ORL,2015,94,103,L,A
PHI,2015,74,99,L,A
NOP,2015,99,74,W,H
MIN,2015,84,92,L,A
OKC,2015,92,84,W,H
BOS,2015,99,90,W,A
UTA,2015,90,99,L,H
MEM,2015,109,90,W,A
DAL,2015,90,109,L,H
DET,2015,95,103,L,H
CLE,2015,103,95,W,A
CHI,2015,113,111,W,A
GSW,2015,111,113,L,H
TOR,2015,104,91,W,A
IND,2015,91,104,L,H
WAS,2015,98,92,W,A
LAL,2015,92,98,L,H
MIL,2015,109,102,W,A
MIA,2015,102,109,L,H
ATL,2015,113,102,W,H
BRK,2015,102,113,L,A
POR,2015,94,99,L,A
CLE,2015,99,94,W,H
HOU,2015,99,94,W,H
DAL,2015,94,99,L,A
BOS,2015,98,110,L,A
MIN,2015,110,98,W,H
NOP,2015,85,93,L,H
DEN,2015,93,85,W,A
OKC,2015,92,100,L,A
NYK,2015,100,92,W,H
DET,2015,69,89,L,A
PHI,2015,89,69,W,H
WAS,2015,98,106,L,A
PHO,2015,106,98,W,H
SAS,2015,95,86,W,H
CHO,2015,86,95,L,A
SAC,2015,102,119,L,A
TOR,2015,119,102,W,H
UTA,2015,89,94,L,H
LAC,2015,94,89,W,A
NYK,2015,82,103,L,A
IND,2015,103,82,W,H
CHI,2015,118,123,L,A
LAL,2015,123,118,W,H
DEN,2015,69,99,L,A
MEM,2015,99,69,W,H
MIL,2015,115,100,W,A
ORL,2015,100,115,L,H
ATL,2015,105,99,W,H
POR,2015,99,105,L,A
BOS,2015,87,93,L,H
HOU,2015,93,87,W,A
TOR,2015,127,122,W,A
BRK,2015,122,127,L,H
CLE,2015,101,90,W,H
SAC,2015,90,101,L,A
MIA,2015,72,93,L,H
DAL,2015,93,72,W,A
NOP,2015,108,103,W,H
LAC,2015,103,108,L,A
PHI,2015,103,94,W,H
MIN,2015,94,103,L,A
PHO,2015,99,93,W,H
CHI,2015,93,99,L,A
GSW,2015,100,110,L,A
UTA,2015,110,100,W,H
PHI,2015,85,91,L,A
ATL,2015,91,85,W,H
CHO,2015,104,86,W,A
DEN,2015,86,104,L,H
HOU,2015,101,114,L,A
DET,2015,114,101,W,H
PHO,2015,87,106,L,A
GSW,2015,106,87,W,H
SAC,2015,99,94,W,A
IND,2015,94,99,L,H
MEM,2015,85,74,W,H
OKC,2015,74,85,L,A
POR,2015,88,95,L,A
MIL,2015,95,88,W,H
MIN,2015,90,106,L,H
CLE,2015,106,90,W,A
ORL,2015,93,108,L,H
DAL,2015,108,93,W,A
SAS,2015,85,105,L,H
LAC,2015,105,85,W,A
TOR,2015,120,116,W,A
WAS,2015,116,120,L,H
MIA,2015,83,75,W,A
BOS,2015,75,83,L,H
LAL,2015,80,92,L,A
NYK,2015,92,80,W,H
BRK,2015,102,100,W,H
LAC,2015,100,102,L,A
CLE,2015,97,84,W,H
PHI,2015,84,97,L,A
MIN,2015,94,100,L,A
DAL,2015,100,94,W,H
ATL,2015,100,115,L,A
NOP,2015,115,100,W,H
OKC,2015,104,97,W,H
ORL,2015,97,104,L,A
MEM,2015,102,101,W,A
PHO,2015,101,102,L,H
TOR,2015,75,82,L,H
MIL,2015,82,75,W,A
WAS,2015,88,92,L,H
CHO,2015,92,88,W,A
DET,2015,108,91,W,H
MIA,2015,91,108,L,A
BOS,2015,108,97,W,A
NYK,2015,97,108,L,H
DEN,2015,98,105,L,A
PHI,2015,105,98,W,H
POR,2015,103,102,W,H
UTA,2015,102,103,L,A
SAC,2015,96,121,L,H
GSW,2015,121,96,W,A
ATL,2015,105,96,W,H
WAS,2015,96,105,L,A
BOS,2015,104,100,W,H
DEN,2015,100,104,L,A
DAL,2015,114,128,L,A
GSW,2015,128,114,W,H
HOU,2015,101,90,W,H
CHI,2015,90,101,L,A
DET,2015,109,114,L,A
IND,2015,114,109,W,H
LAL,2015,105,113,L,A
MIL,2015,113,105,W,H
MIN,2015,102,101,W,H
MIA,2015,101,102,L,A
OKC,2015,102,91,W,A
NOP,2015,91,102,L,H
ORL,2015,103,110,L,A
SAS,2015,110,103,W,H
TOR,2015,93,109,L,H
BRK,2015,109,93,W,A
UTA,2015,90,100,L,H
MEM,2015,100,90,W,A
CHO,2015,94,87,W,H
WAS,2015,87,94,L,A
LAC,2015,94,105,L,A
CLE,2015,105,94,W,H
PHO,2015,87,108,L,A
POR,2015,108,87,W,H
SAC,2015,78,101,L,H
DAL,2015,101,78,W,A
GSW,2015,116,124,L,A
ATL,2015,124,116,W,H
PHI,2015,96,107,L,A
BOS,2015,107,96,W,H
BRK,2015,92,88,W,H
NYK,2015,88,92,L,A
DEN,2015,88,98,L,A
DET,2015,98,88,W,H
HOU,2015,117,111,W,H
MIL,2015,111,117,L,A
IND,2015,103,99,W,H
CLE,2015,99,103,L,A
MEM,2015,89,90,L,A
MIN,2015,90,89,W,H
OKC,2015,113,116,L,H
NOP,2015,116,113,W,A
LAL,2015,97,103,L,A
ORL,2015,103,97,W,H
UTA,2015,93,100,L,A
PHO,2015,100,93,W,H
MIA,2015,85,98,L,A
SAS,2015,98,85,W,H
LAC,2015,107,123,L,A
TOR,2015,123,107,W,H
DAL,2015,111,101,W,H
POR,2015,101,111,L,A
MIL,2015,96,93,W,H
BOS,2015,93,96,L,A
CHI,2015,107,72,W,A
NOP,2015,72,107,L,H
NYK,2015,92,106,L,H
GSW,2015,106,92,W,A
CHO,2015,81,89,L,A
PHI,2015,89,81,W,H
SAC,2015,90,102,L,A
UTA,2015,102,90,W,H
WAS,2015,114,77,W,H
BRK,2015,77,114,L,A
CHO,2015,102,103,L,H
IND,2015,103,102,W,A
CLE,2015,120,105,W,H
LAL,2015,105,120,L,A
MIN,2015,112,101,W,A
DET,2015,101,112,L,H
POR,2015,109,98,W,A
HOU,2015,98,109,L,H
ATL,2015,88,94,L,A
MEM,2015,94,88,W,H
LAC,2015,108,131,L,A
OKC,2015,131,108,W,H
CHI,2015,98,97,W,A
ORL,2015,97,98,L,H
PHO,2015,83,85,L,A
SAC,2015,85,83,W,H
SAS,2015,82,87,L,A
TOR,2015,87,82,W,H
DAL,2015,98,115,L,H
LAC,2015,115,98,W,A
DEN,2015,114,124,L,H
OKC,2015,124,114,W,A
IND,2015,93,95,L,H
SAS,2015,95,93,W,A
MIA,2015,109,95,W,H
NYK,2015,95,109,L,A
MIL,2015,103,97,W,H
BRK,2015,97,103,L,A
MIN,2015,105,117,L,H
ATL,2015,117,105,W,A
UTA,2015,100,96,W,A
NOP,2015,96,100,L,H
GSW,2015,89,84,W,A
PHI,2015,84,89,L,H
WAS,2015,96,80,W,H
ORL,2015,80,96,L,A
SAC,2015,86,104,L,A
CHI,2015,104,86,W,H
DET,2015,106,78,W,A
CHO,2015,78,106,L,H
DEN,2015,106,96,W,A
LAL,2015,96,106,L,H
BRK,2015,86,95,L,A
MEM,2015,95,86,W,H
HOU,2015,127,118,W,A
PHO,2015,118,127,L,H
BOS,2015,89,88,W,H
ATL,2015,88,89,L,A
MIA,2015,93,113,L,A
CLE,2015,113,93,W,H
UTA,2015,82,87,L,A
DAL,2015,87,82,W,H
DET,2015,87,104,L,H
SAS,2015,104,87,W,A
HOU,2015,95,110,L,A
LAC,2015,110,95,W,H
SAC,2015,103,111,L,A
MIL,2015,111,103,W,H
GSW,2015,94,91,W,A
MIN,2015,91,94,L,H
NOP,2015,93,106,L,H
IND,2015,106,93,W,A
OKC,2015,105,89,W,H
MEM,2015,89,105,L,A
ORL,2015,89,83,W,H
NYK,2015,83,89,L,A
LAL,2015,86,102,L,A
POR,2015,102,86,W,H
WAS,2015,93,95,L,A
TOR,2015,95,93,W,H
CLE,2015,98,113,L,A
CHI,2015,113,98,W,H
SAS,2015,115,119,L,A
LAC,2015,119,115,W,H
DAL,2015,89,104,L,A
OKC,2015,104,89,W,H
TOR,2015,105,80,W,A
ATL,2015,80,105,L,H
DAL,2015,111,100,W,H
HOU,2015,100,111,L,A
DET,2015,100,91,W,H
CHI,2015,91,100,L,A
SAS,2015,99,110,L,A
GSW,2015,110,99,W,H
BRK,2015,114,105,W,A
LAL,2015,105,114,L,H
MIL,2015,89,81,W,H
DEN,2015,81,89,L,A
PHO,2015,109,111,L,A
MIN,2015,111,109,W,H
NYK,2015,87,111,L,H
MIA,2015,111,87,W,A
ORL,2015,95,84,W,H
NOP,2015,84,95,L,A
PHI,2015,95,106,L,H
IND,2015,106,95,W,A
SAC,2015,109,101,W,H
BOS,2015,101,109,L,A
POR,2015,76,92,L,A
UTA,2015,92,76,W,H
CLE,2015,127,89,W,A
WAS,2015,89,127,L,H
CHI,2015,112,107,W,H
PHO,2015,107,112,L,A
CHO,2015,103,110,L,H
OKC,2015,110,103,W,A
TOR,2015,76,98,L,A
HOU,2015,98,76,W,H
SAC,2015,99,126,L,A
LAC,2015,126,99,W,H
NOP,2015,105,91,W,A
MIA,2015,91,105,L,H
DAL,2015,92,81,W,H
CHO,2015,81,92,L,A
DET,2015,106,89,W,H
WAS,2015,89,106,L,A
GSW,2015,98,104,L,A
IND,2015,104,98,W,H
BOS,2015,111,118,L,A
LAL,2015,118,111,W,H
ATL,2015,97,86,W,A
MIL,2015,86,97,L,H
CLE,2015,101,83,W,A
NYK,2015,83,101,L,H
DEN,2015,94,119,L,A
OKC,2015,119,94,W,H
ORL,2015,103,98,W,H
PHI,2015,98,103,L,A
MEM,2015,98,92,W,A
POR,2015,92,98,L,H
CHI,2015,87,71,W,H
MIL,2015,71,87,L,A
BRK,2015,110,82,W,A
DEN,2015,82,110,L,H
HOU,2015,113,102,W,H
MIN,2015,102,113,L,A
LAC,2015,87,90,L,H
MEM,2015,90,87,W,A
PHI,2015,108,119,L,A
MIA,2015,119,108,W,H
NOP,2015,100,97,W,H
TOR,2015,97,100,L,A
BOS,2015,115,110,W,A
PHO,2015,110,115,L,H
SAS,2015,81,90,L,A
UTA,2015,90,81,W,H
TOR,2015,92,99,L,A
DAL,2015,99,92,W,H
DET,2015,93,102,L,H
CLE,2015,102,93,W,A
IND,2015,92,105,L,A
OKC,2015,105,92,W,H
WAS,2015,107,114,L,H
GSW,2015,114,107,W,A
ATL,2015,104,87,W,H
DAL,2015,87,104,L,A
BOS,2015,115,94,W,H
NYK,2015,94,115,L,A
CHO,2015,98,86,W,A
CHI,2015,86,98,L,H
PHO,2015,110,96,W,A
DEN,2015,96,110,L,H
HOU,2015,110,105,W,H
LAC,2015,105,110,L,A
MIL,2015,104,88,W,H
PHI,2015,88,104,L,A
MIN,2015,97,77,W,H
WAS,2015,77,97,L,A
NOP,2015,102,96,W,H
BRK,2015,96,102,L,A
MIA,2015,93,90,W,A
ORL,2015,90,93,L,H
SAS,2015,95,111,L,A
POR,2015,111,95,W,H
SAC,2015,102,90,W,H
MEM,2015,90,102,L,A
UTA,2015,97,100,L,H
LAL,2015,100,97,W,A
GSW,2015,99,110,L,A
CLE,2015,110,99,W,H
OKC,2015,113,117,L,A
PHO,2015,117,113,W,H
ATL,2015,95,88,W,H
ORL,2015,88,95,L,A
CHO,2015,98,106,L,A
BOS,2015,106,98,W,H
MIN,2015,89,96,L,A
CHI,2015,96,89,W,H
DEN,2015,82,104,L,H
UTA,2015,104,82,W,A
NYK,2015,121,115,W,A
DET,2015,115,121,L,H
HOU,2015,102,98,W,H
BRK,2015,98,102,L,A
CLE,2015,86,93,L,A
IND,2015,93,86,W,H
MIL,2015,93,101,L,A
LAL,2015,101,93,W,H
MEM,2015,79,97,L,H
LAC,2015,97,79,W,A
MIA,2015,102,104,L,A
NOP,2015,104,102,W,H
PHI,2015,89,81,W,H
WAS,2015,81,89,L,A
OKC,2015,112,115,L,A
POR,2015,115,112,W,H
SAC,2015,96,107,L,H
SAS,2015,107,96,W,A
TOR,2015,89,113,L,H
GSW,2015,113,89,W,A
DAL,2015,94,104,L,H
BRK,2015,104,94,W,A
ATL,2015,93,91,W,A
MIA,2015,91,93,L,H
MEM,2015,101,97,W,A
MIN,2015,97,101,L,H
NYK,2015,103,98,W,H
TOR,2015,98,103,L,A
PHO,2015,74,101,L,H
SAS,2015,101,74,W,A
MIL,2015,75,82,L,A
UTA,2015,82,75,W,H
DET,2015,95,99,L,A
WAS,2015,99,95,W,H
GSW,2015,106,101,W,A
BOS,2015,101,106,L,H
LAC,2015,96,86,W,A
CHI,2015,86,96,L,H
DEN,2015,92,99,L,H
NOP,2015,99,92,W,A
CLE,2015,103,105,L,A
HOU,2015,105,103,W,H
IND,2015,94,74,W,H
PHI,2015,74,94,L,A
LAL,2015,101,108,L,H
OKC,2015,108,101,W,A
ORL,2015,83,98,L,H
CHO,2015,98,83,W,A
SAC,2015,99,110,L,H
POR,2015,110,99,W,A
GSW,2015,108,110,L,A
BRK,2015,110,108,W,H
DAL,2015,102,93,W,H
NOP,2015,93,102,L,A
MIA,2015,115,98,W,H
PHO,2015,98,115,L,A
LAC,2015,110,105,W,A
MIN,2015,105,110,L,H
PHI,2015,103,114,L,H
TOR,2015,114,103,W,A
ATL,2015,104,96,W,H
HOU,2015,96,104,L,A
CHI,2015,97,92,W,H
WAS,2015,92,97,L,A
LAL,2015,103,104,L,A
CHO,2015,104,103,W,H
BOS,2015,79,110,L,A
CLE,2015,110,79,W,H
DEN,2015,106,95,W,H
MIL,2015,95,106,L,A
MEM,2015,82,93,L,H
UTA,2015,93,82,W,A
SAC,2015,124,86,W,A
NYK,2015,86,124,L,H
BOS,2015,85,84,W,H
UTA,2015,84,85,L,A
CHO,2015,115,91,W,A
BRK,2015,91,115,L,H
GSW,2015,102,93,W,H
MIL,2015,93,102,L,A
HOU,2015,100,102,L,H
MEM,2015,102,100,W,A
IND,2015,105,82,W,H
NYK,2015,82,105,L,A
POR,2015,98,93,W,A
LAC,2015,93,98,L,H
MIA,2015,100,94,W,H
LAL,2015,94,100,L,A
MIN,2015,85,100,L,H
DEN,2015,100,85,W,A
DET,2015,85,88,L,A
NOP,2015,88,85,W,H
PHI,2015,118,123,L,A
OKC,2015,123,118,W,H
PHO,2015,105,100,W,A
ORL,2015,100,105,L,H
SAS,2015,112,85,W,H
SAC,2015,85,112,L,A
CLE,2015,120,112,W,A
TOR,2015,112,120,L,H
CHI,2015,108,105,W,H
OKC,2015,105,108,L,A
POR,2015,94,75,W,H
DAL,2015,75,94,L,A
CLE,2015,97,106,L,A
ATL,2015,106,97,W,H
PHO,2015,108,100,W,A
BRK,2015,100,108,L,H
CHO,2015,103,94,W,H
TOR,2015,94,103,L,A
GSW,2015,104,89,W,H
DAL,2015,89,104,L,A
HOU,2015,103,93,W,H
DET,2015,93,103,L,A
IND,2015,98,84,W,H
CHI,2015,84,98,L,A
MEM,2015,97,90,W,H
LAL,2015,90,97,L,A
BOS,2015,104,98,W,A
NOP,2015,98,104,L,H
SAC,2015,114,119,L,A
ORL,2015,119,114,W,H
PHI,2015,83,89,L,H
UTA,2015,89,83,W,A
DEN,2015,111,120,L,A
SAS,2015,120,111,W,H
MIA,2015,97,99,L,A
WAS,2015,99,97,W,H
CLE,2015,89,79,W,H
PHO,2015,79,89,L,A
HOU,2015,114,100,W,A
DEN,2015,100,114,L,H
MIA,2015,114,109,W,H
SAC,2015,109,114,L,A
WAS,2015,85,91,L,A
MIL,2015,91,85,W,H
MIN,2015,121,113,W,H
POR,2015,113,121,L,A
NOP,2015,95,89,W,H
MEM,2015,89,95,L,A
NYK,2015,86,92,L,H
IND,2015,92,86,W,A
PHI,2015,92,84,W,H
ATL,2015,84,92,L,A
BRK,2015,88,95,L,H
UTA,2015,95,88,W,A
DET,2015,101,108,L,H
CHO,2015,108,101,W,A
GSW,2015,106,98,W,H
LAC,2015,98,106,L,A
DAL,2015,100,93,W,A
LAL,2015,93,100,L,H
OKC,2015,108,104,W,H
TOR,2015,104,108,L,A
BOS,2015,98,103,L,A
ORL,2015,103,98,W,H
SAS,2015,116,105,W,H
CHI,2015,105,116,L,A
SAC,2015,105,130,L,A
ATL,2015,130,105,W,H
MEM,2015,101,91,W,A
CHI,2015,91,101,L,H
CHO,2015,69,95,L,H
WAS,2015,95,69,W,A
NYK,2015,78,106,L,A
DEN,2015,106,78,W,H
MIN,2015,76,89,L,A
LAC,2015,89,76,W,H
MIA,2015,90,100,L,H
BOS,2015,100,90,W,A
MIL,2015,103,114,L,H
NOP,2015,114,103,W,A
PHO,2015,80,98,L,H
GSW,2015,98,80,W,A
BRK,2015,91,111,L,H
NOP,2015,111,91,W,A
DAL,2015,94,127,L,H
CLE,2015,127,94,W,A
ORL,2015,86,118,L,A
IND,2015,118,86,W,H
LAL,2015,93,85,W,H
DET,2015,85,93,L,A
SAS,2015,117,107,W,H
TOR,2015,107,117,L,A
UTA,2015,87,82,W,H
NYK,2015,82,87,L,A
BOS,2015,95,92,W,H
MEM,2015,92,95,L,A
CHO,2015,106,113,L,H
SAC,2015,113,106,W,A
ATL,2015,102,115,L,A
DEN,2015,115,102,W,H
GSW,2015,105,98,W,H
DET,2015,98,105,L,A
BRK,2015,98,104,L,A
MIA,2015,104,98,W,H
ORL,2015,91,97,L,A
MIL,2015,97,91,W,H
OKC,2015,108,120,L,H
LAC,2015,120,108,W,A
CHI,2015,104,95,W,A
PHI,2015,95,104,L,H
PHO,2015,106,97,W,H
MIN,2015,97,106,L,A
POR,2015,105,100,W,H
HOU,2015,100,105,L,A
IND,2015,109,103,W,H
MIL,2015,103,109,L,A
NYK,2015,101,94,W,A
LAL,2015,94,101,L,H
CLE,2015,128,125,W,A
SAS,2015,125,128,L,H
UTA,2015,109,91,W,H
HOU,2015,91,109,L,A
MEM,2015,87,107,L,A
WAS,2015,107,87,W,H
ORL,2015,88,95,L,A
BOS,2015,95,88,W,H
CHO,2015,101,91,W,H
CHI,2015,91,101,L,A
DAL,2015,129,99,W,H
LAC,2015,99,129,L,A
DEN,2015,114,103,W,H
GSW,2015,103,114,L,A
OKC,2015,113,99,W,H
MIN,2015,99,113,L,A
PHI,2015,114,107,W,H
SAC,2015,107,114,L,A
ATL,2015,96,87,W,A
PHO,2015,87,96,L,H
POR,2015,118,99,W,H
DET,2015,99,118,L,A
TOR,2015,102,92,W,H
MIA,2015,92,102,L,A
NYK,2015,94,125,L,A
GSW,2015,125,94,W,H
IND,2015,89,93,L,H
BOS,2015,93,89,W,A
MIL,2015,83,96,L,A
MEM,2015,96,83,W,H
BRK,2015,94,87,W,A
PHI,2015,87,94,L,H
UTA,2015,88,85,W,H
DET,2015,85,88,L,A
SAC,2015,97,113,L,A
WAS,2015,113,97,W,H
LAC,2015,98,100,L,H
HOU,2015,100,98,W,A
LAL,2015,86,91,L,H
ATL,2015,91,86,W,A
NOP,2015,111,118,L,H
DEN,2015,118,111,W,A
CHI,2015,100,109,L,A
OKC,2015,109,100,W,H
ORL,2015,108,123,L,H
CLE,2015,123,108,W,A
NYK,2015,89,102,L,A
PHO,2015,102,89,W,H
SAS,2015,123,97,W,H
MIN,2015,97,123,L,A
TOR,2015,97,113,L,H
POR,2015,113,97,W,A
BOS,2015,108,89,W,H
PHI,2015,89,108,L,A
OKC,2015,115,119,L,A
DAL,2015,119,115,W,H
LAL,2015,105,108,L,A
GSW,2015,108,105,W,H
TOR,2015,117,98,W,A
IND,2015,98,117,L,H
DEN,2015,81,92,L,A
MEM,2015,92,81,W,H
CLE,2015,92,106,L,A
MIA,2015,106,92,W,H
MIN,2015,106,122,L,H
BRK,2015,122,106,W,A
ATL,2015,110,103,W,A
SAC,2015,103,110,L,H
CHO,2015,66,94,L,A
UTA,2015,94,66,W,H
POR,2015,97,105,L,A
WAS,2015,105,97,W,H
DET,2015,105,95,W,H
MEM,2015,95,105,L,A
ORL,2015,94,107,L,A
HOU,2015,107,94,W,H
LAC,2015,99,92,W,H
CHO,2015,92,99,L,A
MIL,2015,84,85,L,A
NOP,2015,85,84,W,H
SAS,2015,100,104,L,A
NYK,2015,104,100,W,H
IND,2015,86,103,L,A
CHI,2015,103,86,W,H
CLE,2015,117,92,W,H
BRK,2015,92,117,L,A
ORL,2015,102,107,L,A
DAL,2015,107,102,W,H
ATL,2015,95,114,L,A
GSW,2015,114,95,W,H
MIA,2015,108,104,W,H
POR,2015,104,108,L,A
MIL,2015,103,114,L,H
SAS,2015,114,103,W,A
OKC,2015,122,118,W,H
BOS,2015,118,122,L,A
PHI,2015,94,83,W,H
DET,2015,83,94,L,A
LAC,2015,116,105,W,A
SAC,2015,105,116,L,H
TOR,2015,105,100,W,H
MIN,2015,100,105,L,A
UTA,2015,84,88,L,H
WAS,2015,88,84,W,A
HOU,2015,118,108,W,H
DEN,2015,108,118,L,A
UTA,2015,80,73,W,A
LAL,2015,73,80,L,H
NYK,2015,92,95,L,H
MIN,2015,95,92,W,A
PHO,2015,74,72,W,H
NOP,2015,72,74,L,A
BRK,2015,129,127,W,H
MIL,2015,127,129,L,A
CHI,2015,108,92,W,H
TOR,2015,92,108,L,A
IND,2015,92,95,L,A
CLE,2015,95,92,W,H
MEM,2015,112,101,W,A
DAL,2015,101,112,L,H
NOP,2015,96,112,L,A
GSW,2015,112,96,W,H
WAS,2015,99,113,L,A
LAC,2015,113,99,W,H
DEN,2015,91,108,L,A
MIA,2015,108,91,W,H
OKC,2015,123,115,W,H
ATL,2015,115,123,L,A
POR,2015,104,111,L,A
ORL,2015,111,104,W,H
PHI,2015,97,81,W,H
NYK,2015,81,97,L,A
SAC,2015,101,91,W,H
CHO,2015,91,101,L,A
BOS,2015,89,101,L,A
SAS,2015,101,89,W,H
CHI,2015,91,107,L,A
DET,2015,107,91,W,H
UTA,2015,91,106,L,A
GSW,2015,106,91,W,H
PHO,2015,117,102,W,A
HOU,2015,102,117,L,H
BRK,2015,123,111,W,A
IND,2015,111,123,L,H
MEM,2015,97,86,W,H
POR,2015,86,97,L,A
ATL,2015,95,114,L,H
SAS,2015,114,95,W,A
BOS,2015,97,105,L,H
DET,2015,105,97,W,A
NOP,2015,100,107,L,A
LAC,2015,107,100,W,H
PHI,2015,87,101,L,A
LAL,2015,101,87,W,H
MIL,2015,90,108,L,H
CLE,2015,108,90,W,A
CHO,2015,109,98,W,A
MIN,2015,98,109,L,H
OKC,2015,93,75,W,H
MIA,2015,75,93,L,A
DEN,2015,119,100,W,A
ORL,2015,100,119,L,H
PHO,2015,98,92,W,H
DAL,2015,92,98,L,A
WAS,2015,86,109,L,A
SAC,2015,109,86,W,H
NYK,2015,89,106,L,A
TOR,2015,106,89,W,H
BOS,2015,110,91,W,A
BRK,2015,91,110,L,H
CHO,2015,86,98,L,A
CHI,2015,98,86,W,H
WAS,2015,76,107,L,A
GSW,2015,107,76,W,H
IND,2015,100,110,L,H
HOU,2015,110,100,W,A
MEM,2015,103,82,W,A
NYK,2015,82,103,L,H
MIN,2015,106,104,W,A
UTA,2015,104,106,L,H
DAL,2015,101,94,W,H
SAS,2015,94,101,L,A
TOR,2015,104,108,L,A
DET,2015,108,104,W,H
MIL,2015,89,88,W,H
MIA,2015,88,89,L,A
OKC,2015,127,117,W,H
LAL,2015,117,127,L,A
POR,2015,108,122,L,H
GSW,2015,122,108,W,A
PHI,2015,106,107,L,A
SAC,2015,107,106,W,H
BOS,2015,86,93,L,H
MIA,2015,93,86,W,A
BRK,2015,91,88,W,A
CHO,2015,88,91,L,H
PHI,2015,99,85,W,A
DEN,2015,85,99,L,H
CLE,2015,111,89,W,A
MEM,2015,89,111,L,H
LAL,2015,101,99,W,A
MIN,2015,99,101,L,H
HOU,2015,95,93,W,A
NOP,2015,93,95,L,H
NYK,2015,80,111,L,H
LAC,2015,111,80,W,A
ATL,2015,95,83,W,A
ORL,2015,83,95,L,H
PHO,2015,99,108,L,H
SAC,2015,108,99,W,A
OKC,2015,91,130,L,A
SAS,2015,130,91,W,H
CHI,2015,116,103,W,A
TOR,2015,103,116,L,H
UTA,2015,89,92,L,H
POR,2015,92,89,W,A
WAS,2015,101,103,L,H
IND,2015,103,101,W,A
MIL,2015,111,107,W,H
IND,2015,107,111,L,A
MIA,2015,86,99,L,A
ATL,2015,99,86,W,H
BRK,2015,106,98,W,H
CLE,2015,98,106,L,A
UTA,2015,91,107,L,A
DEN,2015,107,91,W,H
MIN,2015,110,120,L,A
HOU,2015,120,110,W,H
GSW,2015,107,84,W,A
MEM,2015,84,107,L,H
NOP,2015,102,88,W,H
SAC,2015,88,102,L,A
BOS,2015,96,92,W,A
NYK,2015,92,96,L,H
DET,2015,111,97,W,A
ORL,2015,97,111,L,H
LAC,2015,119,98,W,A
PHI,2015,98,119,L,H
POR,2015,87,81,W,A
PHO,2015,81,87,L,H
SAS,2015,94,76,W,H
DAL,2015,76,94,L,A
LAL,2015,83,94,L,A
TOR,2015,94,83,W,H
WAS,2015,110,107,W,H
CHO,2015,107,110,L,A
CHI,2015,111,80,W,H
NYK,2015,80,111,L,A
ATL,2015,100,115,L,A
CHO,2015,115,100,W,H
MIL,2015,95,108,L,H
GSW,2015,108,95,W,A
POR,2015,120,114,W,H
DEN,2015,114,120,L,A
UTA,2015,94,89,W,H
OKC,2015,89,94,L,A
LAC,2015,119,106,W,A
BOS,2015,106,119,L,H
BRK,2015,107,99,W,H
LAL,2015,99,107,L,A
PHI,2015,86,87,L,A
CLE,2015,87,86,W,H
DAL,2015,99,104,L,A
IND,2015,104,99,W,H
DET,2015,102,109,L,A
MIA,2015,109,102,W,H
MIN,2015,88,110,L,A
NOP,2015,110,88,W,H
OKC,2015,109,97,W,A
PHO,2015,97,109,L,H
SAS,2015,103,89,W,H
MEM,2015,89,103,L,A
WAS,2015,91,99,L,H
HOU,2015,99,91,W,A
MIL,2015,88,101,L,A
ATL,2015,101,88,W,H
CHO,2015,104,116,L,H
BOS,2015,116,104,W,A
MEM,2015,97,83,W,H
SAC,2015,83,97,L,A
MIN,2015,84,104,L,H
UTA,2015,104,84,W,A
LAL,2015,113,111,W,A
PHI,2015,111,113,L,H
POR,2015,109,86,W,H
PHO,2015,86,109,L,A
HOU,2015,96,99,L,A
TOR,2015,99,96,W,H
BRK,2015,111,106,W,H
IND,2015,106,111,L,A
DET,2015,105,95,W,H
ATL,2015,95,105,L,A
LAC,2015,106,110,L,H
GSW,2015,110,106,W,A
SAS,2015,95,81,W,A
MIA,2015,81,95,L,H
BOS,2015,100,87,W,H
IND,2015,87,100,L,A
CHO,2015,102,78,W,H
DET,2015,78,102,L,A
HOU,2015,115,111,W,H
SAC,2015,111,115,L,A
NOP,2015,113,92,W,A
LAL,2015,92,113,L,H
MIL,2015,95,91,W,H
CHI,2015,91,95,L,A
TOR,2015,113,99,W,A
MIN,2015,99,113,L,H
NYK,2015,98,100,L,H
BRK,2015,100,98,W,A
OKC,2015,131,135,L,H
DAL,2015,135,131,W,A
SAS,2015,103,91,W,A
ORL,2015,91,103,L,H
LAC,2015,126,122,W,A
POR,2015,122,126,L,H
UTA,2015,98,84,W,H
DEN,2015,84,98,L,A
WAS,2015,106,93,W,H
PHI,2015,93,106,L,A
MIA,2015,88,114,L,A
CLE,2015,114,88,W,H
DAL,2015,101,108,L,H
HOU,2015,108,101,W,A
PHO,2015,106,107,L,A
GSW,2015,107,106,W,H
BOS,2015,101,110,L,H
MIL,2015,110,101,W,A
BRK,2015,114,109,W,H
TOR,2015,109,114,L,A
DET,2015,82,88,L,A
CHI,2015,88,82,W,H
CHO,2015,74,93,L,A
IND,2015,93,74,W,H
LAL,2015,77,107,L,H
POR,2015,107,77,W,A
OKC,2015,92,100,L,A
MEM,2015,100,92,W,H
MIN,2015,84,97,L,H
ORL,2015,97,84,W,A
SAC,2015,95,101,L,H
NOP,2015,101,95,W,A
SAS,2015,123,93,W,H
DEN,2015,93,123,L,A
NYK,2015,87,101,L,A
WAS,2015,101,87,W,H
BRK,2015,99,131,L,A
ATL,2015,131,99,W,H
CHO,2015,92,91,W,H
PHI,2015,91,92,L,A
GSW,2015,123,110,W,A
DAL,2015,110,123,L,H
DEN,2015,92,107,L,H
LAC,2015,107,92,W,A
MIA,2015,98,99,L,A
DET,2015,99,98,W,H
MEM,2015,83,92,L,H
WAS,2015,92,83,W,A
MIL,2015,90,97,L,H
ORL,2015,97,90,W,A
UTA,2015,85,87,L,A
PHO,2015,87,85,W,H
NOP,2015,90,99,L,A
POR,2015,99,90,W,H
BOS,2015,117,116,W,A
TOR,2015,116,117,L,H
CLE,2015,99,94,W,H
CHI,2015,94,99,L,A
MIA,2015,89,112,L,A
IND,2015,112,89,W,H
LAC,2015,106,78,W,A
LAL,2015,78,106,L,H
PHI,2015,91,101,L,A
NYK,2015,101,91,W,H
OKC,2015,112,115,L,H
HOU,2015,115,112,W,A
UTA,2015,101,95,W,A
SAC,2015,95,101,L,H
GSW,2015,92,107,L,A
SAS,2015,107,92,W,H
BRK,2015,106,96,W,H
POR,2015,96,106,L,A
ATL,2015,96,69,W,H
PHO,2015,69,96,L,A
LAL,2015,100,105,L,A
LAC,2015,105,100,W,H
MIA,2015,105,100,W,H
CHO,2015,100,105,L,A
NOP,2015,103,100,W,H
GSW,2015,100,103,L,A
OKC,2015,88,113,L,H
SAS,2015,113,88,W,A
MIN,2015,111,116,L,A
SAC,2015,116,111,W,H
BRK,2015,111,114,L,H
ATL,2015,114,111,W,A
CHO,2015,74,92,L,H
TOR,2015,92,74,W,A
DAL,2015,107,104,W,H
PHO,2015,104,107,L,A
LAL,2015,101,119,L,A
DEN,2015,119,101,W,H
DET,2015,103,113,L,H
BOS,2015,113,103,W,A
NOP,2015,74,110,L,A
MEM,2015,110,74,W,H
MIL,2015,99,104,L,H
CLE,2015,104,99,W,A
IND,2015,102,86,W,A
NYK,2015,86,102,L,H
ORL,2015,105,103,W,H
CHI,2015,103,105,L,A
PHI,2015,90,119,L,H
WAS,2015,119,90,W,A
POR,2015,116,91,W,H
MIN,2015,91,116,L,A
SAS,2015,110,98,W,H
HOU,2015,98,110,L,A
SAC,2015,91,103,L,A
UTA,2015,103,91,W,H
GSW,2015,116,105,W,H
POR,2015,105,116,L,A
CHI,2015,89,78,W,A
MIA,2015,78,89,L,H
ATL,2015,104,80,W,H
CHO,2015,80,104,L,A
WAS,2015,80,117,L,A
BRK,2015,117,80,W,H
CLE,2015,90,99,L,H
BOS,2015,99,90,W,A
DEN,2015,143,144,L,H
DAL,2015,144,143,W,A
DET,2015,103,107,L,H
IND,2015,107,103,W,A
SAS,2015,104,103,W,A
HOU,2015,103,104,L,H
LAL,2015,106,98,W,H
MIN,2015,98,106,L,A
PHO,2015,75,90,L,A
NOP,2015,90,75,W,H
NYK,2015,91,99,L,H
MIL,2015,99,91,W,A
OKC,2015,116,103,W,H
SAC,2015,103,116,L,A
TOR,2015,101,99,W,A
ORL,2015,99,101,L,H
UTA,2015,88,89,L,H
MEM,2015,89,88,W,A
CHI,2015,114,107,W,H
PHI,2015,107,114,L,A
MIN,2015,101,110,L,A
GSW,2015,110,101,W,H
MEM,2015,86,94,L,A
LAC,2015,94,86,W,H
MIA,2015,104,107,L,H
TOR,2015,107,104,W,A
NYK,2015,80,79,W,A
ORL,2015,79,80,L,H
POR,2015,105,111,L,H
UTA,2015,111,105,W,A
BOS,2015,117,78,W,H
CLE,2015,78,117,L,A
DEN,2015,122,111,W,H
SAC,2015,111,122,L,A
DET,2015,116,77,W,H
CHO,2015,77,116,L,A
HOU,2015,121,114,W,H
NOP,2015,114,121,L,A
OKC,2015,104,116,L,A
IND,2015,116,104,W,H
LAL,2015,106,120,L,H
DAL,2015,120,106,W,A
MIL,2015,96,73,W,H
BRK,2015,73,96,L,A
SAS,2015,107,91,W,H
PHO,2015,91,107,L,A
ATL,2015,99,108,L,A
WAS,2015,108,99,W,H
NYK,2015,112,108,W,A
ATL,2015,108,112,L,H
BRK,2015,86,113,L,H
CHI,2015,113,86,W,A
HOU,2015,100,90,W,A
CHO,2015,90,100,L,H
CLE,2015,109,97,W,H
DET,2015,97,109,L,A
MEM,2015,107,111,L,A
GSW,2015,111,107,W,H
DEN,2015,103,110,L,A
LAC,2015,110,103,W,H
ORL,2015,93,100,L,A
MIA,2015,100,93,W,H
NOP,2015,100,88,W,A
MIN,2015,88,100,L,H
POR,2015,90,101,L,A
OKC,2015,101,90,W,H
MIL,2015,107,97,W,A
PHI,2015,97,107,L,H
SAC,2015,102,92,W,H
LAL,2015,92,102,L,A
UTA,2015,109,92,W,H
DAL,2015,92,109,L,A
TOR,2015,93,95,L,A
BOS,2015,95,93,W,H
IND,2015,99,95,W,H
WAS,2015,95,99,L,A
LAC,2015,112,101,W,A
PHO,2015,101,112,L,H
BRK,2015,101,88,W,H
ORL,2015,88,101,L,A
CHI,2015,91,85,W,H
ATL,2015,85,91,L,A
WAS,2015,108,113,L,A
CLE,2015,113,108,W,H
DAL,2015,114,98,W,H
POR,2015,98,114,L,A
DEN,2015,126,133,L,A
GSW,2015,133,126,W,H
UTA,2015,91,117,L,A
HOU,2015,117,91,W,H
SAC,2015,122,99,W,A
LAL,2015,99,122,L,H
IND,2015,83,95,L,A
MEM,2015,95,83,W,H
MIL,2015,100,105,L,H
BOS,2015,105,100,W,A
MIN,2015,113,138,L,H
OKC,2015,138,113,W,A
SAS,2015,103,108,L,A
NOP,2015,108,103,W,H
DET,2015,112,90,W,A
NYK,2015,90,112,L,H
PHI,2015,101,105,L,H
MIA,2015,105,101,W,A
CHO,2015,87,92,L,A
TOR,2015,92,87,W,H
MIL,2015,91,103,L,A
CHI,2015,103,91,W,H
NOP,2015,99,106,L,A
GSW,2015,106,99,W,H
DAL,2015,108,118,L,A
HOU,2015,118,108,W,H
WAS,2015,93,86,W,A
TOR,2015,86,93,L,H
ATL,2015,99,92,W,H
BRK,2015,92,99,L,A
BOS,2015,100,113,L,A
CLE,2015,113,100,W,H
LAC,2015,107,92,W,H
SAS,2015,92,107,L,A
MEM,2015,100,86,W,H
POR,2015,86,100,L,A
CHI,2015,91,82,W,H
MIL,2015,82,91,L,A
NOP,2015,87,97,L,A
GSW,2015,97,87,W,H
CLE,2015,99,91,W,H
BOS,2015,91,99,L,A
DAL,2015,99,111,L,A
HOU,2015,111,99,W,H
TOR,2015,106,117,L,H
WAS,2015,117,106,W,A
ATL,2015,96,91,W,H
BRK,2015,91,96,L,A
LAC,2015,107,111,L,H
SAS,2015,111,107,W,A
POR,2015,82,97,L,A
MEM,2015,97,82,W,H
CLE,2015,103,95,W,A
BOS,2015,95,103,L,H
CHI,2015,113,106,W,A
MIL,2015,106,113,L,H
GSW,2015,123,119,W,A
NOP,2015,119,123,L,H
DAL,2015,128,130,L,H
HOU,2015,130,128,W,A
SAS,2015,100,73,W,H
LAC,2015,73,100,L,A
WAS,2015,106,99,W,H
TOR,2015,99,106,L,A
ATL,2015,83,91,L,A
BRK,2015,91,83,W,H
CHI,2015,90,92,L,A
MIL,2015,92,90,W,H
GSW,2015,109,98,W,A
NOP,2015,98,109,L,H
POR,2015,109,115,L,H
MEM,2015,115,109,W,A
CLE,2015,101,93,W,A
BOS,2015,93,101,L,H
DAL,2015,121,109,W,H
HOU,2015,109,121,L,A
LAC,2015,114,105,W,A
SAS,2015,105,114,L,H
WAS,2015,125,94,W,H
TOR,2015,94,125,L,A
ATL,2015,115,120,L,A
BRK,2015,120,115,W,H
MIL,2015,94,88,W,A
CHI,2015,88,94,L,H
POR,2015,99,92,W,H
MEM,2015,92,99,L,A
DAL,2015,94,103,L,A
HOU,2015,103,94,W,H
LAC,2015,107,111,L,H
SAS,2015,111,107,W,A
ATL,2015,107,97,W,H
BRK,2015,97,107,L,A
POR,2015,93,99,L,A
MEM,2015,99,93,W,H
MIL,2015,66,120,L,H
CHI,2015,120,66,W,A
SAS,2015,96,102,L,H
LAC,2015,102,96,W,A
ATL,2015,111,87,W,A
BRK,2015,87,111,L,H
LAC,2015,111,109,W,H
SAS,2015,109,111,L,A
ATL,2015,98,104,L,H
WAS,2015,104,98,W,A
MEM,2015,86,101,L,A
GSW,2015,101,86,W,H
CHI,2015,99,92,W,A
CLE,2015,92,99,L,H
HOU,2015,101,117,L,H
LAC,2015,117,101,W,A
WAS,2015,90,106,L,A
ATL,2015,106,90,W,H
GSW,2015,90,97,L,H
MEM,2015,97,90,W,A
CLE,2015,106,91,W,H
CHI,2015,91,106,L,A
HOU,2015,115,109,W,H
LAC,2015,109,115,L,A
CHI,2015,99,96,W,H
CLE,2015,96,99,L,A
LAC,2015,124,99,W,H
HOU,2015,99,124,L,A
GSW,2015,89,99,L,A
MEM,2015,99,89,W,H
ATL,2015,101,103,L,A
WAS,2015,103,101,W,H
CHI,2015,84,86,L,H
CLE,2015,86,84,W,A
LAC,2015,128,95,W,H
HOU,2015,95,128,L,A
GSW,2015,101,84,W,A
MEM,2015,84,101,L,H
ATL,2015,106,101,W,A
WAS,2015,101,106,L,H
CLE,2015,106,101,W,H
CHI,2015,101,106,L,A
LAC,2015,103,124,L,A
HOU,2015,124,103,W,H
ATL,2015,82,81,W,H
WAS,2015,81,82,L,A
MEM,2015,78,98,L,A
GSW,2015,98,78,W,H
CLE,2015,94,73,W,A
CHI,2015,73,94,L,H
LAC,2015,107,119,L,H
HOU,2015,119,107,W,A
WAS,2015,91,94,L,H
ATL,2015,94,91,W,A
GSW,2015,108,95,W,A
MEM,2015,95,108,L,H
LAC,2015,100,113,L,A
HOU,2015,113,100,W,H
GSW,2015,110,106,W,H
HOU,2015,106,110,L,A
ATL,2015,89,97,L,H
CLE,2015,97,89,W,A
GSW,2015,99,98,W,H
HOU,2015,98,99,L,A
ATL,2015,82,94,L,H
CLE,2015,94,82,W,A
GSW,2015,115,80,W,A
HOU,2015,80,115,L,H
CLE,2015,114,111,W,H
ATL,2015,111,114,L,A
GSW,2015,115,128,L,A
HOU,2015,128,115,W,H
CLE,2015,118,88,W,H
ATL,2015,88,118,L,A
HOU,2015,90,104,L,A
GSW,2015,104,90,W,H
CLE,2015,100,108,L,A
GSW,2015,108,100,W,H
CLE,2015,95,93,W,A
GSW,2015,93,95,L,H
GSW,2015,91,96,L,A
CLE,2015,96,91,W,H
GSW,2015,103,82,W,A
CLE,2015,82,103,L,H
GSW,2015,104,91,W,H
CLE,2015,91,104,L,A
CLE,2015,97,105,L,H
GSW,2015,105,97,W,A
